random_seed,n_neurons,n_train,inhib,time,timestep,theta_plus,theta_decay,intensity,norm,progress_interval,update_interval,mean_all_activity,mean_proportion_weighting,mean_ngram,max_all_activity,max_proportion_weighting,max_ngram
0,100,60000,100.0,100,1.0,0.05,1e-07,0.5,150.0,10,250,34.663334,34.921673,38.89,44.4,45.2,51.6
0,100,60000,100.0,100,1.0,0.05,1e-07,0.5,125.0,10,250,33.548332,33.853333,37.678337,47.2,48.4,50.0
0,100,60000,100.0,100,1.0,0.05,1e-07,0.5,100.0,10,250,34.378334,34.256664,37.678333,50.800003,52.399998,54.000004
0,100,60000,100.0,100,1.0,0.05,1e-07,0.5,75.0,10,250,36.178337,36.16167,41.469997,58.8,59.600002,61.6
0,100,60000,100.0,100,1.0,0.05,1e-07,0.5,50.0,10,250,36.811665,37.683334,45.52833,62.0,62.0,61.6
0,100,60000,100.0,200,1.0,0.05,1e-07,0.5,125.0,10,250,38.46333,38.406666,42.956665,52.0,50.800003,56.0
0,100,60000,100.0,200,1.0,0.05,1e-07,0.5,100.0,10,250,44.373337,44.61,48.83667,56.4,56.800003,58.399998
0,100,60000,100.0,200,1.0,0.05,1e-07,0.5,75.0,10,250,45.65,45.80834,51.45333,63.6,63.6,65.6
0,100,60000,100.0,200,1.0,0.05,1e-07,0.5,50.0,10,250,40.646667,41.34667,49.575,61.6,61.6,60.8
0,100,60000,100.0,200,1.0,0.05,1e-07,0.5,150.0,10,250,36.135002,36.183334,40.400005,46.0,46.8,52.0
0,100,60000,100.0,300,1.0,0.05,1e-07,0.5,125.0,10,250,40.765,40.446663,44.63,54.000004,55.199997,57.200005
0,100,60000,100.0,300,1.0,0.05,1e-07,0.5,150.0,10,250,38.045,37.738335,41.938335,51.2,50.0,52.399998
0,100,60000,250.0,100,1.0,0.05,1e-07,0.5,75.0,10,250,43.395004,43.795,46.538334,61.6,61.6,61.199997
0,100,60000,100.0,300,1.0,0.05,1e-07,0.5,100.0,10,250,44.248337,44.193336,48.65333,57.200005,54.4,58.0
0,100,60000,100.0,300,1.0,0.05,1e-07,0.5,75.0,10,250,44.076664,44.786663,50.753338,63.200005,62.0,59.600002
0,100,60000,250.0,100,1.0,0.05,1e-07,0.5,50.0,10,250,36.656666,36.811665,37.158333,62.0,62.0,61.6
0,100,60000,100.0,300,1.0,0.05,1e-07,0.5,50.0,10,250,39.396667,41.34667,47.72333,60.000004,60.000004,62.800003
0,100,60000,100.0,400,1.0,0.05,1e-07,0.5,100.0,10,250,41.03667,41.878338,48.201668,54.8,54.000004,58.399998
0,100,60000,100.0,400,1.0,0.05,1e-07,0.5,75.0,10,250,43.273335,44.255,49.91333,54.8,55.6,60.8
0,100,60000,250.0,100,1.0,0.05,1e-07,0.5,150.0,10,250,41.97667,41.989998,44.63,68.4,68.0,66.799995
0,100,60000,250.0,100,1.0,0.05,1e-07,0.5,125.0,10,250,42.003338,42.396667,47.005,65.6,66.0,67.2
0,100,60000,250.0,100,1.0,0.05,1e-07,0.5,100.0,10,250,44.881664,45.19833,49.33,63.200005,64.4,63.6
0,100,60000,100.0,400,1.0,0.05,1e-07,0.5,50.0,10,250,38.614998,40.275,45.864998,58.399998,58.8,61.199997
0,100,60000,250.0,200,1.0,0.05,1e-07,0.5,150.0,10,250,49.260002,49.398335,54.131664,68.8,68.8,66.399994
0,100,60000,250.0,200,1.0,0.05,1e-07,0.5,125.0,10,250,51.863335,52.495003,55.725,66.799995,67.6,68.4
0,100,60000,250.0,200,1.0,0.05,1e-07,0.5,100.0,10,250,53.570004,53.97667,54.32,67.2,67.6,68.4
0,100,60000,250.0,200,1.0,0.05,1e-07,0.5,75.0,10,250,46.858334,46.878334,47.30167,64.4,64.4,64.0
0,100,60000,250.0,200,1.0,0.05,1e-07,0.5,50.0,10,250,40.95,40.95,40.756664,61.6,61.6,60.8
0,100,60000,100.0,400,1.0,0.05,1e-07,0.5,150.0,10,250,37.664997,37.918335,42.258335,48.8,50.800003,55.199997
0,100,60000,100.0,400,1.0,0.05,1e-07,0.5,125.0,10,250,40.7,40.798332,45.531666,52.0,50.4,56.4
0,100,60000,250.0,300,1.0,0.05,1e-07,0.5,50.0,10,250,39.836666,39.844997,39.543335,60.000004,60.000004,61.199997
0,100,60000,100.0,500,1.0,0.05,1e-07,0.5,50.0,10,250,32.60167,34.22167,40.07833,57.6,57.6,56.4
0,100,60000,100.0,500,1.0,0.05,1e-07,0.5,100.0,10,250,40.04,40.890003,47.59,50.4,50.800003,56.4
0,100,60000,100.0,500,1.0,0.05,1e-07,0.5,125.0,10,250,41.539997,41.576668,46.35167,54.8,53.600002,57.200005
0,100,60000,100.0,500,1.0,0.05,1e-07,0.5,150.0,10,250,36.669994,37.114998,41.418335,48.0,47.2,53.600002
0,100,60000,100.0,500,1.0,0.05,1e-07,0.5,75.0,10,250,39.92667,40.738335,48.016666,58.8,59.2,59.2
0,100,60000,250.0,300,1.0,0.05,1e-07,0.5,125.0,10,250,47.735,48.483334,49.993336,67.2,66.799995,66.799995
0,100,60000,250.0,300,1.0,0.05,1e-07,0.5,100.0,10,250,49.84,50.396664,50.611668,65.6,65.6,66.399994
0,100,60000,250.0,300,1.0,0.05,1e-07,0.5,150.0,10,250,47.468334,48.070004,50.75,64.0,64.0,68.8
0,100,60000,250.0,300,1.0,0.05,1e-07,0.5,75.0,10,250,48.163334,48.185,47.995003,67.2,67.2,67.2
0,100,60000,500.0,100,1.0,0.05,1e-07,0.5,125.0,10,250,51.308334,51.406666,51.575,68.0,68.0,67.2
0,100,60000,500.0,100,1.0,0.05,1e-07,0.5,100.0,10,250,49.85,49.904995,50.211666,63.6,64.0,64.0
0,100,60000,500.0,100,1.0,0.05,1e-07,0.5,75.0,10,250,43.975,43.983334,44.216667,61.6,61.6,60.8
0,100,60000,500.0,100,1.0,0.05,1e-07,0.5,50.0,10,250,37.756664,37.786667,37.856667,62.0,62.0,61.6
0,100,60000,250.0,400,1.0,0.05,1e-07,0.5,150.0,10,250,43.211666,44.208332,48.958332,63.200005,62.800003,63.200005
0,100,60000,250.0,400,1.0,0.05,1e-07,0.5,100.0,10,250,49.61,50.09333,50.223335,61.6,62.0,61.6
0,100,60000,250.0,400,1.0,0.05,1e-07,0.5,75.0,10,250,44.029995,44.041668,43.941666,57.200005,57.200005,58.0
0,100,60000,250.0,400,1.0,0.05,1e-07,0.5,125.0,10,250,44.593334,45.306667,47.09833,63.6,63.6,62.800003
0,100,60000,250.0,400,1.0,0.05,1e-07,0.5,50.0,10,250,38.143333,38.158333,37.89833,56.0,56.0,56.800003
0,100,60000,500.0,100,1.0,0.05,1e-07,0.5,150.0,10,250,50.975,51.184998,50.9,68.0,67.6,69.2
0,100,60000,500.0,200,1.0,0.05,1e-07,0.5,150.0,10,250,56.48167,56.690002,56.40333,68.8,68.8,67.2
0,100,60000,500.0,200,1.0,0.05,1e-07,0.5,125.0,10,250,59.06333,59.196663,59.033333,70.8,71.200005,72.399994
0,100,60000,500.0,200,1.0,0.05,1e-07,0.5,100.0,10,250,52.263332,52.34667,52.325,67.2,67.2,65.6
0,100,60000,500.0,200,1.0,0.05,1e-07,0.5,75.0,10,250,47.854996,47.89,47.92,64.4,64.4,64.0
0,100,60000,250.0,100,1.0,0.05,1e-07,0.5,150.0,10,250,41.838333,42.326668,44.48,68.4,68.0,66.799995
0,100,60000,250.0,100,1.0,0.05,1e-07,0.5,100.0,10,250,45.8,46.488335,49.756668,62.800003,64.4,67.2
0,100,60000,250.0,100,1.0,0.05,1e-07,0.5,50.0,10,250,38.396664,38.496662,38.836666,62.800003,62.800003,63.6
0,100,60000,250.0,200,1.0,0.05,1e-07,0.5,100.0,10,250,54.376667,54.693336,55.121666,66.799995,66.799995,66.799995
0,200,60000,250.0,100,1.0,0.05,1e-07,0.5,100.0,10,250,54.414997,54.966667,54.506664,72.399994,72.399994,72.399994
0,200,60000,250.0,100,1.0,0.05,1e-07,0.5,150.0,10,250,45.716667,46.825,48.791668,65.200005,66.399994,62.800003
0,100,60000,250.0,100,1.0,0.05,1e-07,0.5,150.0,10,250,42.02833,42.208332,44.204998,68.4,68.0,66.799995
0,100,60000,250.0,100,1.0,0.05,1e-07,0.5,100.0,10,250,45.515,46.23667,49.55,62.800003,64.4,67.2
0,300,60000,250.0,100,1.0,0.05,1e-07,0.5,150.0,10,250,50.168335,50.66333,50.555,71.6,72.799995,68.8
0,200,60000,250.0,100,1.0,0.05,1e-07,0.5,50.0,10,250,47.270004,47.295002,47.210003,70.0,70.0,68.8
0,300,60000,250.0,100,1.0,0.05,1e-07,0.5,50.0,10,250,49.43834,49.483334,49.208332,70.0,70.0,68.0
0,400,60000,250.0,100,1.0,0.05,1e-07,0.5,150.0,10,250,53.278336,53.791668,51.52333,70.4,70.0,66.399994
0,200,60000,250.0,200,1.0,0.05,1e-07,0.5,100.0,10,250,55.708332,55.88667,56.145004,70.8,70.4,70.0
0,200,60000,250.0,200,1.0,0.05,1e-07,0.5,150.0,10,250,50.028336,50.483334,54.565,69.2,68.8,70.4
0,400,60000,250.0,100,1.0,0.05,1e-07,0.5,100.0,10,250,56.451668,56.668335,55.385002,73.6,74.0,72.0
0,200,60000,250.0,200,1.0,0.05,1e-07,0.5,50.0,10,250,50.77833,50.833332,50.520004,66.0,66.0,66.799995
0,100,60000,250.0,200,1.0,0.05,1e-07,0.5,100.0,10,250,54.388332,54.853336,55.405003,67.6,68.0,66.399994
0,300,60000,250.0,100,1.0,0.05,1e-07,0.5,100.0,10,250,55.195,55.651665,55.001667,72.0,72.799995,72.399994
0,300,60000,250.0,200,1.0,0.05,1e-07,0.5,100.0,10,250,58.72667,58.93,58.756664,72.399994,72.399994,72.399994
0,300,60000,250.0,200,1.0,0.05,1e-07,0.5,150.0,10,250,52.87,53.32167,56.311665,70.4,71.200005,70.8
0,400,60000,250.0,100,1.0,0.05,1e-07,0.5,50.0,10,250,51.303333,51.33667,51.173336,72.799995,72.799995,73.2
0,300,60000,250.0,200,1.0,0.05,1e-07,0.5,50.0,10,250,51.681664,51.738335,51.70333,68.0,68.0,68.0
0,100,60000,250.0,100,1.0,0.05,1e-07,0.5,50.0,10,250,38.396664,38.496662,38.836666,62.800003,62.800003,63.6
0,100,60000,250.0,300,1.0,0.05,1e-07,0.5,100.0,10,250,51.729996,52.10167,52.086666,65.200005,66.0,66.0
0,100,60000,250.0,200,1.0,0.05,1e-07,0.5,150.0,10,250,49.60667,50.071663,53.268333,67.2,66.799995,67.2
0,100,60000,250.0,300,1.0,0.05,1e-07,0.5,150.0,10,250,45.183334,46.92,51.416668,63.200005,64.0,64.8
0,200,60000,250.0,300,1.0,0.05,1e-07,0.5,100.0,10,250,56.683334,56.743336,56.56333,68.4,68.4,67.6
0,500,60000,250.0,100,1.0,0.05,1e-07,0.5,150.0,10,250,54.38,54.85,51.70333,68.8,68.8,68.0
0,200,60000,250.0,300,1.0,0.05,1e-07,0.5,150.0,10,250,49.275,50.166668,53.298332,69.6,69.6,69.6
0,400,60000,250.0,200,1.0,0.05,1e-07,0.5,150.0,10,250,55.436665,55.553333,57.03667,73.2,72.799995,71.200005
0,200,60000,250.0,300,1.0,0.05,1e-07,0.5,50.0,10,250,48.135002,48.181667,47.954998,66.0,66.0,67.2
0,500,60000,250.0,100,1.0,0.05,1e-07,0.5,100.0,10,250,55.804996,55.981667,54.928333,75.6,76.0,74.8
0,400,60000,250.0,200,1.0,0.05,1e-07,0.5,50.0,10,250,52.703335,52.826664,52.43833,70.0,70.0,70.0
0,100,60000,250.0,300,1.0,0.05,1e-07,0.5,50.0,10,250,40.1,40.108334,39.960003,60.000004,60.000004,59.600002
0,100,60000,250.0,200,1.0,0.05,1e-07,0.5,50.0,10,250,40.201668,40.20333,40.018333,61.6,61.6,60.000004
0,300,60000,250.0,300,1.0,0.05,1e-07,0.5,100.0,10,250,57.388332,57.458332,57.31,70.8,70.4,70.0
0,300,60000,250.0,300,1.0,0.05,1e-07,0.5,150.0,10,250,51.213333,51.736668,55.255,73.2,73.2,74.0
0,500,60000,250.0,100,1.0,0.05,1e-07,0.5,50.0,10,250,50.593334,50.758335,50.16,71.200005,72.0,71.200005
0,300,60000,250.0,300,1.0,0.05,1e-07,0.5,50.0,10,250,52.746666,52.821663,52.68,67.6,67.6,67.2
0,400,60000,250.0,200,1.0,0.05,1e-07,0.5,100.0,10,250,56.628334,56.791668,56.616665,75.6,75.6,74.8
0,400,60000,250.0,300,1.0,0.05,1e-07,0.5,100.0,10,250,57.035,57.125,57.046665,75.6,75.6,72.799995
0,500,60000,250.0,200,1.0,0.05,1e-07,0.5,150.0,10,250,56.981667,57.118336,58.033333,73.6,73.6,74.8
0,400,60000,250.0,300,1.0,0.05,1e-07,0.5,150.0,10,250,54.013332,54.633335,56.075,72.399994,73.2,73.6
0,500,60000,250.0,200,1.0,0.05,1e-07,0.5,100.0,10,250,55.993336,56.19,55.793335,73.6,74.0,72.799995
0,400,60000,250.0,300,1.0,0.05,1e-07,0.5,50.0,10,250,52.16167,52.251667,51.975,70.0,70.0,70.8
0,500,60000,250.0,200,1.0,0.05,1e-07,0.5,50.0,10,250,53.458332,53.633335,53.143333,71.200005,71.200005,70.8
0,500,60000,250.0,300,1.0,0.05,1e-07,0.5,150.0,10,250,55.583332,55.969997,57.61333,73.2,73.2,72.0
0,500,60000,250.0,300,1.0,0.05,1e-07,0.5,100.0,10,250,56.249996,56.365,56.239998,72.799995,72.799995,71.6
0,500,60000,250.0,300,1.0,0.05,1e-07,0.5,50.0,10,250,54.331665,54.466667,53.940002,70.4,70.4,69.6
0,300,60000,250.0,250,1.0,1.0,1e-05,0.5,150.0,10,250,50.878338,51.125,51.085003,61.199997,60.8,62.0
0,300,60000,250.0,250,1.0,1.0,1e-05,0.5,125.0,10,250,49.356667,49.605,49.781666,63.200005,63.6,64.0
0,300,60000,250.0,250,1.0,0.5,1e-05,0.5,150.0,10,250,49.206665,49.375,49.760002,62.0,62.0,61.6
0,300,60000,250.0,250,1.0,0.5,1e-05,0.5,100.0,10,250,45.705,45.928337,45.8,61.6,62.0,61.199997
0,300,60000,250.0,250,1.0,1.0,1e-05,0.5,100.0,10,250,46.46167,46.59,46.618336,63.200005,64.0,61.6
0,300,60000,250.0,250,1.0,0.1,1e-05,0.5,100.0,10,250,40.818336,41.055,41.414997,59.600002,60.000004,59.2
0,300,60000,250.0,250,1.0,0.1,1e-05,0.5,125.0,10,250,43.18667,43.556667,44.260002,59.2,59.2,59.600002
0,300,60000,250.0,250,1.0,0.5,1e-06,0.5,100.0,10,250,63.52833,63.65333,63.445,73.6,74.0,73.6
0,300,60000,250.0,250,1.0,0.1,1e-05,0.5,150.0,10,250,44.373333,44.718334,45.688335,63.200005,63.6,62.0
0,300,60000,250.0,250,1.0,0.1,1e-06,0.5,100.0,10,250,57.775,57.931664,57.958332,69.6,69.2,70.0
0,300,60000,250.0,250,1.0,0.1,1e-06,0.5,125.0,10,250,55.51,55.688335,55.685,67.6,67.6,68.0
0,300,60000,250.0,250,1.0,0.1,1e-06,0.5,150.0,10,250,58.236668,58.479996,58.463333,67.6,67.6,69.6
0,300,60000,250.0,250,1.0,0.5,1e-05,0.5,125.0,10,250,47.098335,47.36333,47.288334,62.0,61.6,62.0
0,300,60000,250.0,250,1.0,0.05,1e-05,0.5,100.0,10,250,38.19833,38.475,39.275,58.399998,57.6,58.8
0,300,60000,250.0,250,1.0,0.5,1e-06,0.5,125.0,10,250,63.146664,63.52833,63.665,74.4,74.4,72.799995
0,300,60000,250.0,250,1.0,0.05,1e-05,0.5,150.0,10,250,41.56167,41.853336,43.140003,58.8,58.8,58.0
0,300,60000,250.0,250,1.0,1.0,1e-06,0.5,100.0,10,250,65.36,65.52,65.145004,75.2,75.2,73.6
0,300,60000,250.0,250,1.0,0.05,1e-07,0.5,100.0,10,250,57.26167,57.371666,57.233334,71.200005,72.399994,70.8
0,300,60000,250.0,250,1.0,0.05,1e-06,0.5,125.0,10,250,51.245,51.38833,51.751667,64.8,65.200005,66.0
0,300,60000,250.0,250,1.0,0.05,1e-06,0.5,150.0,10,250,53.508335,53.684998,54.028336,68.4,68.4,69.2
0,300,60000,250.0,250,1.0,0.05,1e-06,0.5,100.0,10,250,49.979996,50.05,50.151665,64.8,64.8,67.2
0,300,60000,250.0,250,1.0,1.0,1e-06,0.5,125.0,10,250,55.493336,56.428333,60.816666,73.2,74.0,72.399994
0,300,60000,250.0,250,1.0,0.1,1e-07,0.5,125.0,10,250,54.853333,55.92667,60.85167,74.0,74.0,74.4
0,300,60000,250.0,250,1.0,0.1,1e-07,0.5,150.0,10,250,53.168335,53.538334,57.578335,70.0,69.6,69.6
0,300,60000,250.0,250,1.0,0.05,1e-05,0.5,125.0,10,250,39.643333,40.038334,41.239998,58.399998,58.0,60.399998
0,300,60000,250.0,250,1.0,0.5,1e-06,0.5,150.0,10,250,49.638332,50.57333,56.616665,67.2,67.2,69.6
0,400,60000,250.0,250,1.0,1.0,1e-05,0.5,150.0,10,250,50.80167,51.041668,51.055,64.8,64.8,62.4
0,300,60000,250.0,250,1.0,0.1,1e-07,0.5,100.0,10,250,60.208332,60.47667,60.893333,73.6,74.0,73.6
0,300,60000,250.0,250,1.0,0.05,1e-07,0.5,125.0,10,250,60.833332,61.05167,60.69,70.8,72.0,72.399994
0,400,60000,250.0,250,1.0,0.1,1e-05,0.5,100.0,10,250,42.72333,42.98834,43.478336,58.0,58.0,58.399998
0,400,60000,250.0,250,1.0,0.1,1e-06,0.5,150.0,10,250,57.173332,57.33,57.536667,69.6,69.6,68.8
0,400,60000,250.0,250,1.0,0.05,1e-06,0.5,100.0,10,250,50.14833,50.303337,50.521667,66.399994,66.799995,66.799995
0,400,60000,250.0,250,1.0,0.5,1e-05,0.5,150.0,10,250,48.715,49.020004,49.335003,61.199997,62.0,62.800003
0,400,60000,250.0,250,1.0,0.05,1e-05,0.5,125.0,10,250,40.828335,41.15167,42.463333,58.8,58.0,58.399998
0,400,60000,250.0,250,1.0,0.1,1e-05,0.5,150.0,10,250,45.073338,45.533333,46.105,62.800003,62.0,62.4
0,400,60000,250.0,250,1.0,0.1,1e-06,0.5,125.0,10,250,57.041668,57.233334,57.406666,69.6,69.6,68.4
0,400,60000,250.0,250,1.0,1.0,1e-05,0.5,125.0,10,250,49.57833,49.72333,49.671665,64.4,64.0,64.4
0,300,60000,250.0,250,1.0,1.0,1e-06,0.5,150.0,10,250,50.513332,51.44833,56.60167,64.4,66.0,68.0
0,400,60000,250.0,250,1.0,0.1,1e-05,0.5,125.0,10,250,42.916668,43.126667,43.873333,60.399998,60.8,60.000004
0,400,60000,250.0,250,1.0,0.05,1e-05,0.5,150.0,10,250,42.173332,42.270004,43.846672,56.800003,57.6,58.0
0,400,60000,250.0,250,1.0,0.5,1e-06,0.5,125.0,10,250,64.84334,65.12667,64.99833,76.0,75.2,76.8
0,400,60000,250.0,250,1.0,0.05,1e-06,0.5,125.0,10,250,52.808334,52.921673,53.326668,66.799995,67.2,67.2
0,400,60000,250.0,250,1.0,0.05,1e-05,0.5,100.0,10,250,38.666668,38.946667,39.676662,56.800003,57.200005,55.199997
0,400,60000,250.0,250,1.0,0.1,1e-06,0.5,100.0,10,250,56.20333,56.286667,56.131664,66.799995,66.799995,68.0
0,400,60000,250.0,250,1.0,0.5,1e-06,0.5,150.0,10,250,50.683334,51.036667,58.154995,66.0,67.6,70.0
0,400,60000,250.0,250,1.0,1.0,1e-06,0.5,100.0,10,250,65.52166,65.831665,64.958336,76.8,76.8,75.6
0,400,60000,250.0,250,1.0,0.5,1e-05,0.5,125.0,10,250,48.948338,49.22167,49.441666,66.399994,67.2,66.799995
0,400,60000,250.0,250,1.0,0.1,1e-07,0.5,100.0,10,250,60.53667,60.821667,60.57333,73.2,73.2,72.399994
0,400,60000,250.0,250,1.0,0.5,1e-06,0.5,100.0,10,250,64.23333,64.32333,64.223335,73.2,73.2,73.6
0,400,60000,250.0,250,1.0,1.0,1e-05,0.5,100.0,10,250,47.08667,47.213333,47.325,61.6,62.0,62.4
0,400,60000,250.0,250,1.0,0.1,1e-07,0.5,150.0,10,250,51.693336,51.989998,56.993336,68.0,68.0,68.8
0,400,60000,250.0,250,1.0,1.0,1e-06,0.5,150.0,10,250,52.460003,53.201668,58.3,65.6,68.8,72.0
0,400,60000,250.0,250,1.0,0.1,1e-07,0.5,125.0,10,250,56.196667,56.888332,61.56333,73.6,73.6,73.2
0,300,60000,250.0,250,1.0,0.05,1e-07,0.5,150.0,10,250,51.739998,51.923332,55.966667,72.0,72.0,71.6
0,400,60000,250.0,250,1.0,0.5,1e-05,0.5,100.0,10,250,45.27667,45.545002,45.56333,61.6,61.6,60.000004
0,400,60000,250.0,250,1.0,1.0,1e-06,0.5,125.0,10,250,57.418335,57.931664,62.225,73.2,73.2,74.4
0,300,60000,250.0,250,1.0,0.5,1e-07,0.5,150.0,10,250,51.47167,51.733334,55.344997,66.399994,68.0,67.2
0,300,60000,250.0,250,1.0,0.5,1e-07,0.5,100.0,10,250,52.66,53.311665,58.621662,74.4,74.8,72.799995
0,300,60000,250.0,250,1.0,0.5,1e-07,0.5,125.0,10,250,52.45,52.695,56.5,76.0,76.4,70.0
0,400,60000,250.0,250,1.0,0.05,1e-06,0.5,150.0,10,250,53.68834,53.875,54.391666,69.6,69.6,67.2
0,500,60000,250.0,250,1.0,1.0,1e-05,0.5,125.0,10,250,50.861668,51.088333,51.221672,61.199997,61.199997,63.200005
0,300,60000,250.0,250,1.0,1.0,1e-07,0.5,125.0,10,250,53.460003,53.071667,55.82833,68.0,69.2,71.200005
0,400,60000,250.0,250,1.0,0.05,1e-07,0.5,150.0,10,250,54.536663,54.48667,56.47667,73.2,73.6,72.799995
0,400,60000,250.0,250,1.0,0.05,1e-07,0.5,100.0,10,250,57.338333,57.393333,57.22833,72.399994,72.399994,71.6
0,300,60000,250.0,250,1.0,1.0,1e-07,0.5,150.0,10,250,53.760002,53.779995,55.775,67.6,68.4,68.4
0,500,60000,250.0,250,1.0,1.0,1e-05,0.5,150.0,10,250,51.736668,51.981667,52.1,63.200005,63.6,63.6
0,400,60000,250.0,250,1.0,0.5,1e-07,0.5,150.0,10,250,55.095005,55.779995,58.13667,67.2,68.8,68.8
0,500,60000,250.0,250,1.0,0.5,1e-05,0.5,100.0,10,250,48.271667,48.466667,48.473335,66.0,65.6,63.6
0,400,60000,250.0,250,1.0,0.5,1e-07,0.5,100.0,10,250,55.696667,55.83,59.82,75.6,77.200005,73.2
0,500,60000,250.0,250,1.0,1.0,1e-06,0.5,150.0,10,250,53.765,54.838333,59.433334,69.2,71.6,70.4
0,300,60000,250.0,250,1.0,1.0,1e-07,0.5,100.0,10,250,56.40167,56.728333,59.683334,74.0,74.0,71.200005
0,500,60000,250.0,250,1.0,0.5,1e-05,0.5,150.0,10,250,48.431664,48.691666,49.114998,62.800003,62.800003,62.800003
0,500,60000,250.0,250,1.0,0.05,1e-05,0.5,100.0,10,250,42.563335,42.88833,43.813335,59.600002,60.000004,59.2
0,500,60000,250.0,250,1.0,0.1,1e-07,0.5,125.0,10,250,56.75,57.010002,60.41333,74.4,73.6,73.2
0,500,60000,250.0,250,1.0,0.1,1e-06,0.5,150.0,10,250,58.046665,58.315,58.395004,68.4,68.4,67.2
0,400,60000,250.0,250,1.0,0.5,1e-07,0.5,125.0,10,250,56.673332,56.971664,58.78667,70.8,72.799995,72.799995
0,500,60000,250.0,250,1.0,0.5,1e-05,0.5,125.0,10,250,48.89333,49.20667,49.15167,60.399998,60.8,59.600002
0,500,60000,250.0,250,1.0,0.1,1e-06,0.5,125.0,10,250,57.483334,57.625,57.715,69.2,69.2,69.6
0,500,60000,250.0,250,1.0,0.1,1e-05,0.5,125.0,10,250,42.48833,42.77667,43.80167,62.0,62.800003,61.199997
0,500,60000,250.0,250,1.0,1.0,1e-06,0.5,125.0,10,250,58.67667,58.85167,63.344994,73.2,72.799995,74.0
0,500,60000,250.0,250,1.0,0.05,1e-05,0.5,150.0,10,250,43.42167,43.716667,45.14,57.200005,57.6,60.000004
0,500,60000,250.0,250,1.0,0.1,1e-07,0.5,100.0,10,250,60.045002,60.376667,60.003334,73.2,73.2,73.2
0,600,60000,250.0,250,1.0,1.0,1e-05,0.5,125.0,10,250,49.705,49.91,49.943333,64.0,64.4,64.4
0,500,60000,250.0,250,1.0,0.5,1e-06,0.5,100.0,10,250,64.939995,65.04,64.814995,74.4,74.4,74.0
0,500,60000,250.0,250,1.0,1.0,1e-06,0.5,100.0,10,250,66.685005,66.96667,66.10167,76.4,76.4,76.4
0,400,60000,250.0,250,1.0,0.05,1e-07,0.5,125.0,10,250,60.005005,60.326668,59.91333,73.6,74.0,72.0
0,500,60000,250.0,250,1.0,0.5,1e-06,0.5,150.0,10,250,52.321667,52.63667,59.31166,68.4,68.4,69.6
0,500,60000,250.0,250,1.0,0.05,1e-06,0.5,150.0,10,250,55.093334,55.27667,55.77667,67.6,67.6,66.0
0,500,60000,250.0,250,1.0,0.05,1e-07,0.5,100.0,10,250,57.538334,57.606667,57.379997,76.4,76.8,75.2
0,500,60000,250.0,250,1.0,0.5,1e-06,0.5,125.0,10,250,65.05,65.38,65.064995,73.6,73.6,73.6
0,500,60000,250.0,250,1.0,0.05,1e-06,0.5,125.0,10,250,53.711666,53.966667,54.341667,63.6,63.6,66.399994
0,500,60000,250.0,250,1.0,0.5,1e-07,0.5,150.0,10,250,57.821667,58.015,59.668335,73.6,72.799995,72.399994
0,500,60000,250.0,250,1.0,0.1,1e-05,0.5,150.0,10,250,47.02833,47.45333,48.178337,62.4,63.6,62.0
0,500,60000,250.0,250,1.0,0.1,1e-06,0.5,100.0,10,250,56.298332,56.41,56.363335,72.399994,72.399994,70.4
0,500,60000,250.0,250,1.0,0.5,1e-07,0.5,100.0,10,250,58.975,59.193336,61.791668,74.0,74.4,72.799995
0,500,60000,250.0,250,1.0,0.05,1e-06,0.5,100.0,10,250,51.40167,51.616665,51.63833,67.6,67.6,68.0
0,600,60000,250.0,250,1.0,0.5,1e-06,0.5,100.0,10,250,64.55334,64.65666,64.33667,76.4,76.4,76.0
0,600,60000,250.0,250,1.0,0.1,1e-05,0.5,125.0,10,250,44.51167,44.885002,45.451668,62.4,63.6,62.800003
0,500,60000,250.0,250,1.0,0.05,1e-07,0.5,150.0,10,250,55.94833,56.075,57.571663,74.8,74.8,74.8
0,400,60000,250.0,250,1.0,1.0,1e-07,0.5,150.0,10,250,53.705,53.616665,56.515,66.399994,67.2,67.6
0,500,60000,250.0,250,1.0,0.05,1e-05,0.5,125.0,10,250,42.34667,42.941666,43.89,57.6,57.200005,58.0
0,500,60000,250.0,250,1.0,0.1,1e-05,0.5,100.0,10,250,42.495003,42.785,43.348335,60.8,60.399998,60.000004
0,500,60000,250.0,250,1.0,0.05,1e-07,0.5,125.0,10,250,60.02833,60.17667,60.31333,73.6,73.2,74.0
0,600,60000,250.0,250,1.0,0.5,1e-05,0.5,125.0,10,250,48.748333,49.003338,49.23667,61.6,61.6,61.6
0,400,60000,250.0,250,1.0,1.0,1e-07,0.5,125.0,10,250,55.588337,55.38,58.618336,71.200005,72.0,70.8
0,600,60000,250.0,250,1.0,0.05,1e-05,0.5,125.0,10,250,42.371666,42.666668,43.886665,57.200005,58.399998,56.4
0,600,60000,250.0,250,1.0,0.1,1e-06,0.5,100.0,10,250,57.108334,57.278336,57.203335,69.6,69.6,67.2
0,600,60000,250.0,250,1.0,0.1,1e-06,0.5,125.0,10,250,59.481667,59.638332,59.721664,68.8,68.8,70.4
0,600,60000,250.0,250,1.0,0.1,1e-06,0.5,150.0,10,250,56.331665,56.635,56.725,68.8,68.8,67.2
0,500,60000,250.0,250,1.0,0.5,1e-07,0.5,125.0,10,250,59.693333,60.123333,60.703327,73.6,74.0,72.0
0,500,60000,250.0,250,1.0,1.0,1e-05,0.5,100.0,10,250,50.498333,50.691666,50.688335,66.799995,67.2,64.4
0,600,60000,250.0,250,1.0,0.1,1e-05,0.5,150.0,10,250,46.071667,46.355003,47.366665,61.199997,62.0,63.6
0,600,60000,250.0,250,1.0,0.05,1e-06,0.5,100.0,10,250,52.058334,52.266666,52.678333,69.6,69.6,69.2
0,600,60000,250.0,250,1.0,0.1,1e-07,0.5,100.0,10,250,59.500004,59.82833,59.608334,73.6,74.4,74.8
0,500,60000,250.0,250,1.0,0.1,1e-07,0.5,150.0,10,250,51.59833,51.579998,56.575,66.399994,66.799995,68.4
0,600,60000,250.0,250,1.0,0.1,1e-05,0.5,100.0,10,250,43.114998,43.371666,43.70333,59.600002,59.600002,58.399998
0,600,60000,250.0,250,1.0,0.5,1e-05,0.5,100.0,10,250,48.466667,48.735,48.876667,65.6,65.6,66.799995
0,600,60000,250.0,250,1.0,0.05,1e-06,0.5,150.0,10,250,54.739998,54.896667,55.786667,66.399994,66.799995,68.0
0,600,60000,250.0,250,1.0,1.0,1e-06,0.5,100.0,10,250,66.340004,66.496666,65.666664,77.600006,77.600006,76.0
0,600,60000,250.0,250,1.0,0.5,1e-07,0.5,150.0,10,250,59.396667,60.068336,61.17667,73.6,70.8,72.0
0,600,60000,250.0,250,1.0,0.1,1e-07,0.5,125.0,10,250,57.993336,58.19833,60.143333,74.8,76.0,75.2
0,600,60000,250.0,250,1.0,1.0,1e-06,0.5,150.0,10,250,55.113335,55.805,60.805,67.2,69.6,69.2
0,600,60000,250.0,250,1.0,0.1,1e-07,0.5,150.0,10,250,52.17167,52.13,56.245003,68.8,69.6,69.2
0,600,60000,250.0,250,1.0,0.05,1e-07,0.5,100.0,10,250,56.17167,56.295,55.85,76.4,76.4,77.200005
0,600,60000,250.0,250,1.0,0.05,1e-05,0.5,150.0,10,250,44.191666,44.33,45.923332,58.0,57.6,59.2
0,600,60000,250.0,250,1.0,0.05,1e-05,0.5,100.0,10,250,41.798332,41.98,42.858334,57.200005,57.200005,57.200005
0,600,60000,250.0,250,1.0,0.5,1e-06,0.5,150.0,10,250,53.005,53.295,58.854996,67.6,68.8,69.2
0,600,60000,250.0,250,1.0,1.0,1e-06,0.5,125.0,10,250,59.663334,60.168335,63.81167,71.6,72.0,72.799995
0,600,60000,250.0,250,1.0,0.05,1e-06,0.5,125.0,10,250,52.31,52.486668,52.751667,66.0,66.399994,64.0
0,600,60000,250.0,250,1.0,0.05,1e-07,0.5,125.0,10,250,57.579998,57.87,57.72667,72.399994,72.0,72.399994
0,600,60000,250.0,250,1.0,0.05,1e-07,0.5,150.0,10,250,57.364998,57.393333,57.95667,72.799995,71.6,72.0
0,700,60000,250.0,250,1.0,0.05,1e-07,0.5,150.0,10,250,57.038334,57.145004,56.73667,72.399994,72.399994,69.2
0,600,60000,250.0,250,1.0,0.5,1e-05,0.5,150.0,10,250,51.02833,51.208332,51.673332,64.0,64.0,64.0
0,400,60000,250.0,250,1.0,1.0,1e-07,0.5,100.0,10,250,56.491665,56.925,60.303333,72.0,72.799995,72.799995
0,700,60000,250.0,250,1.0,0.5,1e-05,0.5,150.0,10,250,51.929996,52.256664,52.591667,63.6,65.200005,64.4
0,700,60000,250.0,250,1.0,0.1,1e-05,0.5,150.0,10,250,49.121662,49.47667,49.956665,61.6,62.0,62.4
0,600,60000,250.0,250,1.0,0.5,1e-07,0.5,125.0,10,250,61.993332,62.475,62.675,72.399994,74.0,75.2
0,700,60000,250.0,250,1.0,0.1,1e-06,0.5,125.0,10,250,58.6,58.80167,58.93667,69.2,70.0,69.2
0,700,60000,250.0,250,1.0,0.05,1e-06,0.5,125.0,10,250,53.911667,54.16167,54.33833,64.8,64.8,65.6
0,500,60000,250.0,250,1.0,1.0,1e-07,0.5,125.0,10,250,55.525,55.618336,59.38,71.200005,68.8,69.6
0,700,60000,250.0,250,1.0,0.05,1e-06,0.5,150.0,10,250,53.664997,53.87,54.733334,66.799995,66.799995,67.2
0,600,60000,250.0,250,1.0,1.0,1e-05,0.5,100.0,10,250,49.825,50.066666,49.90333,62.0,62.0,62.0
0,700,60000,250.0,250,1.0,0.1,1e-06,0.5,100.0,10,250,56.55167,56.746662,56.575,69.2,69.2,68.0
0,600,60000,250.0,250,1.0,0.5,1e-07,0.5,100.0,10,250,60.363335,60.633335,62.61334,73.6,75.2,77.200005
0,700,60000,250.0,250,1.0,0.1,1e-07,0.5,125.0,10,250,57.636665,57.765,58.808334,72.799995,73.6,74.0
0,600,60000,250.0,250,1.0,1.0,1e-05,0.5,150.0,10,250,52.883335,53.220005,53.28667,66.799995,66.399994,68.0
0,600,60000,250.0,250,1.0,0.5,1e-06,0.5,125.0,10,250,65.59,66.1,65.583336,76.0,76.8,75.6
0,700,60000,250.0,250,1.0,0.05,1e-05,0.5,150.0,10,250,43.34,43.741665,45.183334,57.200005,58.0,59.600002
0,700,60000,250.0,250,1.0,0.05,1e-07,0.5,125.0,10,250,57.46167,57.729996,57.414997,74.4,74.4,74.8
0,700,60000,250.0,250,1.0,0.1,1e-07,0.5,150.0,10,250,53.99,53.945004,55.856667,70.0,69.2,70.0
0,700,60000,250.0,250,1.0,0.05,1e-07,0.5,100.0,10,250,56.61166,56.753334,56.181664,72.799995,72.799995,72.0
0,700,60000,250.0,250,1.0,0.05,1e-05,0.5,125.0,10,250,42.198338,42.678337,43.678333,57.6,57.200005,61.199997
0,700,60000,250.0,250,1.0,0.1,1e-07,0.5,100.0,10,250,62.129997,62.315,61.815002,75.2,75.6,75.6
0,700,60000,250.0,250,1.0,0.5,1e-05,0.5,100.0,10,250,48.466667,48.84667,48.783333,62.4,62.0,61.6
0,700,60000,250.0,250,1.0,1.0,1e-07,0.5,150.0,10,250,55.163334,55.728333,57.838333,69.6,70.0,68.4
0,500,60000,250.0,250,1.0,1.0,1e-07,0.5,150.0,10,250,53.66,53.989998,57.131668,68.0,68.8,68.8
0,600,60000,250.0,250,1.0,1.0,1e-07,0.5,150.0,10,250,53.38834,53.875,57.69833,70.8,70.4,68.8
0,700,60000,250.0,250,1.0,0.5,1e-05,0.5,125.0,10,250,50.138332,50.390003,50.771667,65.200005,65.200005,64.4
0,600,60000,250.0,250,1.0,1.0,1e-07,0.5,100.0,10,250,58.386665,58.711666,61.541668,76.8,77.600006,72.799995
0,700,60000,250.0,250,1.0,1.0,1e-05,0.5,100.0,10,250,49.008335,49.205,49.16167,62.800003,62.800003,62.4
0,700,60000,250.0,250,1.0,0.1,1e-05,0.5,125.0,10,250,44.015,44.436665,45.35167,63.6,64.4,66.0
0,500,60000,250.0,250,1.0,1.0,1e-07,0.5,100.0,10,250,56.693336,57.54667,61.093334,75.6,76.8,70.4
0,700,60000,250.0,250,1.0,0.1,1e-05,0.5,100.0,10,250,44.193336,44.56334,45.293335,60.8,60.399998,60.399998
0,700,60000,250.0,250,1.0,0.1,1e-06,0.5,150.0,10,250,57.770004,58.188335,58.343334,69.2,70.0,70.8
0,700,60000,250.0,250,1.0,0.5,1e-06,0.5,125.0,10,250,67.34167,67.58833,66.846664,77.200005,77.200005,77.200005
0,700,60000,250.0,250,1.0,0.5,1e-07,0.5,150.0,10,250,60.853333,61.19833,61.406666,74.4,74.0,75.2
0,700,60000,250.0,250,1.0,1.0,1e-07,0.5,100.0,10,250,58.076668,58.581665,60.933334,73.6,76.0,71.6
0,700,60000,250.0,250,1.0,0.5,1e-07,0.5,125.0,10,250,63.393333,63.731667,63.075,74.8,75.2,76.0
0,700,60000,250.0,250,1.0,1.0,1e-06,0.5,125.0,10,250,61.405003,61.788334,64.69833,72.399994,72.399994,74.0
0,700,60000,250.0,250,1.0,1.0,1e-06,0.5,150.0,10,250,55.0,56.129997,60.973335,67.2,69.6,69.6
0,700,60000,250.0,250,1.0,0.05,1e-06,0.5,100.0,10,250,52.036667,52.17,52.22333,66.399994,66.799995,63.200005
0,700,60000,250.0,250,1.0,0.5,1e-06,0.5,100.0,10,250,65.205,65.30333,65.07833,75.6,75.6,76.0
0,700,60000,250.0,250,1.0,1.0,1e-05,0.5,125.0,10,250,51.176662,51.46333,51.41333,64.0,64.8,64.0
0,700,60000,250.0,250,1.0,0.05,1e-05,0.5,100.0,10,250,42.06333,42.55167,42.90167,56.4,57.6,57.6
0,700,60000,250.0,250,1.0,1.0,1e-07,0.5,125.0,10,250,57.920002,58.61167,60.19833,70.0,71.6,69.6
0,700,60000,250.0,250,1.0,1.0,1e-05,0.5,150.0,10,250,53.90333,54.15,54.163338,63.6,64.4,64.0
0,600,60000,250.0,250,1.0,1.0,1e-07,0.5,125.0,10,250,56.723335,56.82333,59.64,71.200005,71.200005,72.0
0,700,60000,250.0,250,1.0,0.5,1e-07,0.5,100.0,10,250,61.55167,61.811665,62.260002,76.4,77.200005,75.2
0,700,60000,250.0,250,1.0,0.5,1e-06,0.5,150.0,10,250,54.23,54.435,60.07333,67.2,68.0,70.0
0,700,60000,250.0,250,1.0,1.0,1e-06,0.5,100.0,10,250,66.706665,66.89,66.12333,76.4,76.4,76.0
