seed,n_train,time,lr,lr_decay,update_interval,max_prob,mean_accuracy,max_accuracy
0,60000,10,0.001,0.95,500,1.0,76.21333,82.6
0,60000,10,0.001,0.9,500,1.0,74.30333,80.6
0,60000,10,0.001,0.99,500,1.0,76.24167,83.0
0,60000,10,0.01,0.95,500,1.0,79.729996,88.8
0,60000,10,0.005,1.0,500,1.0,72.81834,79.2
0,60000,10,0.001,1.0,500,1.0,75.31501,82.6
0,60000,10,0.005,0.99,500,1.0,76.30334,84.4
2,60000,10,0.001,0.9,500,1.0,74.490005,80.2
0,60000,10,0.01,0.99,500,1.0,72.35,79.6
0,60000,10,0.01,0.9,500,1.0,81.01333,88.0
0,60000,10,0.005,0.9,500,1.0,80.3,88.4
1,60000,10,0.01,0.95,500,1.0,79.95167,87.6
1,60000,10,0.005,0.95,500,1.0,80.21166,87.4
2,60000,10,0.001,0.99,500,1.0,75.92167,81.6
2,60000,10,0.005,0.95,500,1.0,80.12,88.200005
2,60000,10,0.01,0.95,500,1.0,79.941666,88.0
2,60000,10,0.001,0.95,500,1.0,76.020004,82.8
2,60000,10,0.01,0.99,500,1.0,72.558334,80.8
1,60000,10,0.001,0.9,500,1.0,74.96333,81.0
1,60000,10,0.001,0.99,500,1.0,76.36833,82.6
1,60000,10,0.001,1.0,500,1.0,75.585,82.0
1,60000,10,0.005,0.99,500,1.0,76.42166,83.600006
1,60000,10,0.001,0.95,500,1.0,76.454994,83.8
2,60000,10,0.005,0.99,500,1.0,76.034996,82.8
2,60000,10,0.001,1.0,500,1.0,75.229996,81.0
2,60000,10,0.01,0.9,500,1.0,80.865,88.8
1,60000,10,0.01,0.9,500,1.0,80.93167,87.6
1,60000,10,0.005,1.0,500,1.0,72.84834,78.2
2,60000,10,0.005,1.0,500,1.0,72.73499,78.2
1,60000,10,0.01,1.0,500,1.0,66.29666,72.799995
1,60000,10,0.01,0.99,500,1.0,72.61667,81.8
3,60000,10,0.001,0.9,500,1.0,74.215,79.799995
4,60000,10,0.01,0.9,500,1.0,80.86167,87.8
3,60000,10,0.005,0.95,500,1.0,80.01499,86.0
4,60000,10,0.005,1.0,500,1.0,72.83166,79.4
0,60000,10,0.005,0.95,500,1.0,80.05667,88.200005
3,60000,10,0.001,0.99,500,1.0,76.15833,83.4
4,60000,10,0.001,0.9,500,1.0,74.805,80.4
4,60000,10,0.01,0.99,500,1.0,72.55,81.2
3,60000,10,0.01,0.9,500,1.0,80.628334,87.0
4,60000,10,0.01,1.0,500,1.0,66.42333,73.6
4,60000,10,0.001,1.0,500,1.0,75.425,83.600006
3,60000,10,0.001,0.95,500,1.0,75.903336,82.200005
3,60000,10,0.01,0.95,500,1.0,79.92667,86.6
4,60000,10,0.001,0.95,500,1.0,76.36333,82.8
3,60000,10,0.005,1.0,500,1.0,72.87666,80.0
2,60000,10,0.005,0.9,500,1.0,80.33667,86.799995
2,60000,10,0.01,1.0,500,1.0,66.385,71.8
0,60000,10,0.01,1.0,500,1.0,66.43333,71.6
4,60000,10,0.005,0.99,500,1.0,76.3,85.6
3,60000,10,0.005,0.99,500,1.0,76.189995,83.600006
3,60000,10,0.001,1.0,500,1.0,75.27166,81.2
4,60000,10,0.005,0.9,500,1.0,80.6,86.799995
3,60000,10,0.01,1.0,500,1.0,66.44833,72.2
4,60000,10,0.005,0.95,500,1.0,80.30999,87.2
1,60000,10,0.005,0.9,500,1.0,80.61167,87.2
4,60000,10,0.001,0.99,500,1.0,76.33667,83.4
3,60000,10,0.01,0.99,500,1.0,72.43,81.8
3,60000,10,0.005,0.9,500,1.0,79.745,85.6
4,60000,10,0.01,0.95,500,1.0,80.06166,89.0
0,60000,25,0.01,0.9,500,1.0,79.30666,88.8
0,60000,25,0.005,0.95,500,1.0,79.32334,88.4
1,60000,25,0.001,0.9,500,1.0,78.60334,83.4
0,60000,25,0.005,1.0,500,1.0,62.058334,69.2
2,60000,25,0.005,0.9,500,1.0,80.73167,87.8
0,60000,25,0.001,0.99,500,1.0,76.54667,83.8
2,60000,25,0.01,0.9,500,1.0,79.356674,87.2
0,60000,25,0.01,0.95,500,1.0,76.20333,87.8
1,60000,25,0.005,0.9,500,1.0,80.84333,86.799995
0,60000,25,0.001,0.95,500,1.0,78.854996,85.399994
2,60000,25,0.01,0.95,500,1.0,76.39001,86.0
0,60000,25,0.001,0.9,500,1.0,78.42834,84.4
0,60000,25,0.001,1.0,500,1.0,74.78833,82.4
0,60000,25,0.01,1.0,500,1.0,46.975,54.000004
2,60000,25,0.001,0.99,500,1.0,76.685005,82.6
1,60000,25,0.001,1.0,500,1.0,75.00168,81.0
1,60000,25,0.005,0.99,500,1.0,69.93,78.799995
2,60000,25,0.005,1.0,500,1.0,62.38,71.200005
4,60000,25,0.001,0.9,500,1.0,78.69334,84.2
1,60000,25,0.01,0.95,500,1.0,76.278336,86.799995
2,60000,25,0.001,0.95,500,1.0,78.75833,86.4
1,60000,25,0.01,0.9,500,1.0,79.505,87.4
2,60000,25,0.001,1.0,500,1.0,74.71834,80.2
2,60000,25,0.005,0.95,500,1.0,79.426674,87.4
0,60000,25,0.01,0.99,500,1.0,59.739998,71.8
2,60000,25,0.001,0.9,500,1.0,78.47834,85.399994
1,60000,25,0.001,0.99,500,1.0,76.82333,83.600006
1,60000,25,0.01,0.99,500,1.0,60.219997,73.4
2,60000,25,0.01,1.0,500,1.0,47.881664,55.199997
1,60000,25,0.001,0.95,500,1.0,79.08833,86.2
1,60000,25,0.005,1.0,500,1.0,62.47667,68.4
2,60000,25,0.01,0.99,500,1.0,60.39333,73.2
3,60000,25,0.001,0.9,500,1.0,78.170006,84.0
3,60000,25,0.005,0.95,500,1.0,79.29666,87.2
0,60000,25,0.005,0.9,500,1.0,80.80166,88.6
4,60000,25,0.01,0.95,500,1.0,76.43166,88.200005
3,60000,25,0.01,1.0,500,1.0,47.308334,54.2
3,60000,25,0.01,0.9,500,1.0,79.331665,86.799995
4,60000,25,0.005,0.95,500,1.0,79.345,87.6
3,60000,25,0.01,0.95,500,1.0,76.25833,86.6
4,60000,25,0.001,1.0,500,1.0,74.96167,82.0
4,60000,25,0.01,0.9,500,1.0,79.229996,87.6
3,60000,25,0.005,0.99,500,1.0,70.025,79.4
3,60000,25,0.001,0.99,500,1.0,76.668335,83.200005
4,60000,25,0.001,0.95,500,1.0,79.175,86.0
3,60000,25,0.001,0.95,500,1.0,78.71333,85.399994
3,60000,25,0.005,1.0,500,1.0,62.616665,69.0
4,60000,25,0.005,0.99,500,1.0,69.97834,79.2
4,60000,25,0.005,1.0,500,1.0,62.131668,67.799995
0,60000,25,0.005,0.99,500,1.0,69.996666,79.2
3,60000,25,0.01,0.99,500,1.0,60.114998,73.2
3,60000,25,0.001,1.0,500,1.0,74.98499,80.2
4,60000,25,0.01,1.0,500,1.0,47.460003,54.000004
1,60000,25,0.01,1.0,500,1.0,47.289997,53.8
4,60000,25,0.001,0.99,500,1.0,76.72667,83.4
1,60000,25,0.005,0.95,500,1.0,79.22334,87.0
4,60000,25,0.01,0.99,500,1.0,60.170002,74.8
4,60000,25,0.005,0.9,500,1.0,80.53667,86.799995
2,60000,25,0.005,0.99,500,1.0,69.933334,78.4
3,60000,25,0.005,0.9,500,1.0,80.26333,86.0
0,60000,50,0.01,0.9,500,1.0,76.87,88.8
0,60000,50,0.005,0.95,500,1.0,75.965004,87.4
0,60000,50,0.01,0.95,500,1.0,71.12667,88.4
0,60000,50,0.001,0.99,500,1.0,75.708336,84.6
0,60000,50,0.01,1.0,500,1.0,28.821667,37.2
0,60000,50,0.005,0.9,500,1.0,79.28667,88.0
1,60000,50,0.001,0.95,500,1.0,80.079994,86.0
1,60000,50,0.001,0.99,500,1.0,75.93833,83.0
3,60000,50,0.001,0.95,500,1.0,79.848335,86.4
0,60000,50,0.01,0.99,500,1.0,44.545002,62.0
0,60000,50,0.005,0.99,500,1.0,59.61,70.8
1,60000,50,0.001,0.9,500,1.0,80.445,86.2
0,60000,50,0.001,0.9,500,1.0,80.10667,87.8
2,60000,50,0.001,0.99,500,1.0,75.768326,82.4
1,60000,50,0.005,0.9,500,1.0,79.208336,86.6
2,60000,50,0.01,0.95,500,1.0,71.43,86.2
0,60000,50,0.001,1.0,500,1.0,72.295006,78.2
1,60000,50,0.005,1.0,500,1.0,47.05167,54.4
2,60000,50,0.001,0.9,500,1.0,80.235,87.0
1,60000,50,0.01,0.9,500,1.0,77.16167,88.200005
2,60000,50,0.005,0.9,500,1.0,79.26501,88.0
3,60000,50,0.001,0.9,500,1.0,79.84667,86.6
1,60000,50,0.01,1.0,500,1.0,29.453337,37.2
1,60000,50,0.005,0.99,500,1.0,59.531666,71.4
1,60000,50,0.01,0.95,500,1.0,70.98333,86.6
2,60000,50,0.005,0.95,500,1.0,76.18833,86.6
1,60000,50,0.001,1.0,500,1.0,72.16833,78.0
1,60000,50,0.005,0.95,500,1.0,76.15,87.0
4,60000,50,0.005,0.9,500,1.0,79.32333,86.6
2,60000,50,0.005,0.99,500,1.0,59.914997,73.799995
4,60000,50,0.005,1.0,500,1.0,46.641666,53.8
3,60000,50,0.005,0.9,500,1.0,79.195,86.2
3,60000,50,0.01,0.95,500,1.0,70.93834,87.2
4,60000,50,0.01,1.0,500,1.0,29.051668,38.2
4,60000,50,0.001,0.95,500,1.0,79.98667,87.0
4,60000,50,0.01,0.9,500,1.0,76.98167,86.6
4,60000,50,0.001,0.99,500,1.0,76.08499,83.8
3,60000,50,0.005,0.99,500,1.0,59.77333,73.0
2,60000,50,0.01,1.0,500,1.0,29.241667,35.2
3,60000,50,0.001,1.0,500,1.0,72.416664,77.600006
2,60000,50,0.005,1.0,500,1.0,46.881664,53.8
1,60000,50,0.01,0.99,500,1.0,44.45,62.4
4,60000,50,0.01,0.95,500,1.0,71.27334,87.6
3,60000,50,0.01,0.99,500,1.0,44.486668,63.6
4,60000,50,0.001,0.9,500,1.0,80.38333,86.2
3,60000,50,0.01,1.0,500,1.0,29.05,36.8
3,60000,50,0.01,0.9,500,1.0,76.75,86.2
3,60000,50,0.001,0.99,500,1.0,75.863335,82.200005
4,60000,50,0.005,0.95,500,1.0,76.24834,88.0
2,60000,50,0.001,0.95,500,1.0,79.95999,87.2
4,60000,50,0.001,1.0,500,1.0,72.13667,78.4
2,60000,50,0.01,0.9,500,1.0,76.941666,87.4
3,60000,50,0.005,1.0,500,1.0,46.85,53.600002
2,60000,50,0.01,0.99,500,1.0,44.581665,62.800003
0,60000,50,0.005,1.0,500,1.0,46.466667,54.000004
4,60000,50,0.005,0.99,500,1.0,59.805004,72.2
3,60000,50,0.005,0.95,500,1.0,76.06333,86.0
2,60000,50,0.001,1.0,500,1.0,72.29,77.200005
4,60000,50,0.01,0.99,500,1.0,43.981667,64.600006
0,60000,50,0.001,0.95,500,1.0,79.85832,88.200005
1,60000,75,0.001,0.95,500,1.0,80.08,87.8
0,60000,75,0.01,0.9,500,1.0,74.68167,89.200005
0,60000,75,0.001,0.9,500,1.0,80.628334,88.8
0,60000,75,0.005,0.9,500,1.0,77.86667,88.4
2,60000,75,0.005,0.9,500,1.0,77.881676,86.799995
1,60000,75,0.01,0.9,500,1.0,75.115,87.6
1,60000,75,0.01,0.95,500,1.0,67.10833,85.799995
3,60000,75,0.001,0.95,500,1.0,79.8,86.2
0,60000,75,0.001,1.0,500,1.0,68.846664,73.799995
0,60000,75,0.001,0.95,500,1.0,79.916664,88.6
1,60000,75,0.001,0.9,500,1.0,80.86667,86.4
0,60000,75,0.01,0.99,500,1.0,34.321667,50.199997
1,60000,75,0.001,0.99,500,1.0,74.081665,82.0
0,60000,75,0.001,0.99,500,1.0,73.90666,81.2
0,60000,75,0.005,0.99,500,1.0,50.931664,66.799995
0,60000,75,0.01,0.95,500,1.0,67.02167,87.2
0,60000,75,0.01,1.0,500,1.0,20.753332,26.6
2,60000,75,0.001,0.9,500,1.0,80.72668,88.200005
3,60000,75,0.005,1.0,500,1.0,35.826668,43.399998
0,60000,75,0.005,1.0,500,1.0,35.775,44.600002
3,60000,75,0.01,0.9,500,1.0,74.74834,86.2
2,60000,75,0.005,0.95,500,1.0,73.50166,86.2
3,60000,75,0.001,0.9,500,1.0,80.295006,86.4
1,60000,75,0.005,0.95,500,1.0,73.420006,86.2
2,60000,75,0.01,1.0,500,1.0,21.148335,28.2
1,60000,75,0.01,1.0,500,1.0,21.285002,26.800001
2,60000,75,0.001,0.95,500,1.0,79.98499,87.4
3,60000,75,0.001,0.99,500,1.0,74.12,81.4
2,60000,75,0.01,0.99,500,1.0,34.516666,53.2
4,60000,75,0.001,0.9,500,1.0,80.61333,86.799995
1,60000,75,0.005,0.9,500,1.0,78.00166,88.4
2,60000,75,0.001,0.99,500,1.0,74.14167,81.8
4,60000,75,0.001,0.99,500,1.0,74.143326,82.4
1,60000,75,0.005,0.99,500,1.0,51.02,67.6
1,60000,75,0.01,0.99,500,1.0,34.563335,55.800003
2,60000,75,0.01,0.9,500,1.0,75.19001,88.0
4,60000,75,0.001,1.0,500,1.0,68.566666,75.2
3,60000,75,0.005,0.9,500,1.0,77.78333,85.6
2,60000,75,0.005,0.99,500,1.0,51.36,66.799995
2,60000,75,0.01,0.95,500,1.0,67.38,86.0
3,60000,75,0.005,0.95,500,1.0,73.365005,86.2
4,60000,75,0.001,0.95,500,1.0,80.03833,86.799995
3,60000,75,0.001,1.0,500,1.0,68.770004,74.2
2,60000,75,0.001,1.0,500,1.0,68.96667,75.2
1,60000,75,0.001,1.0,500,1.0,69.106674,74.8
2,60000,75,0.005,1.0,500,1.0,36.156666,43.2
0,60000,75,0.005,0.95,500,1.0,73.253334,88.4
1,60000,75,0.005,1.0,500,1.0,35.525,42.0
3,60000,75,0.01,1.0,500,1.0,20.615,27.599998
3,60000,75,0.01,0.99,500,1.0,34.34667,51.8
3,60000,75,0.01,0.95,500,1.0,67.185005,87.6
3,60000,75,0.005,0.99,500,1.0,50.618336,66.6
4,60000,75,0.005,0.9,500,1.0,78.18,87.4
4,60000,75,0.005,0.95,500,1.0,73.54833,87.0
4,60000,75,0.01,0.9,500,1.0,74.97,86.799995
4,60000,75,0.01,1.0,500,1.0,20.796667,26.0
4,60000,75,0.01,0.99,500,1.0,34.091667,53.2
4,60000,75,0.01,0.95,500,1.0,67.26667,87.2
4,60000,75,0.005,1.0,500,1.0,35.826668,43.6
4,60000,75,0.005,0.99,500,1.0,50.770004,66.799995
1,60000,100,0.001,1.0,500,1.0,65.42833,71.6
0,60000,100,0.005,0.9,500,1.0,76.73833,89.0
1,60000,100,0.005,0.9,500,1.0,77.10833,88.4
1,60000,100,0.001,0.9,500,1.0,80.810005,86.799995
1,60000,100,0.001,0.95,500,1.0,79.64333,86.0
0,60000,100,0.01,1.0,500,1.0,16.711666,21.0
0,60000,100,0.005,0.99,500,1.0,43.773335,59.600002
0,60000,100,0.001,0.9,500,1.0,80.63333,90.0
0,60000,100,0.005,0.95,500,1.0,70.85833,89.0
1,60000,100,0.01,1.0,500,1.0,17.005,22.0
1,60000,100,0.005,0.95,500,1.0,70.971664,86.2
1,60000,100,0.01,0.9,500,1.0,73.68,87.0
2,60000,100,0.001,0.9,500,1.0,80.808334,88.200005
1,60000,100,0.01,0.99,500,1.0,27.988335,50.0
3,60000,100,0.005,0.95,500,1.0,70.82166,87.6
3,60000,100,0.01,0.95,500,1.0,64.066666,87.4
3,60000,100,0.01,1.0,500,1.0,16.375,20.0
2,60000,100,0.01,1.0,500,1.0,16.835001,21.8
3,60000,100,0.01,0.9,500,1.0,73.44333,86.4
0,60000,100,0.001,0.99,500,1.0,71.933334,80.6
1,60000,100,0.005,0.99,500,1.0,44.03667,63.4
2,60000,100,0.005,0.95,500,1.0,71.04333,86.4
3,60000,100,0.01,0.99,500,1.0,27.45,44.4
2,60000,100,0.005,0.99,500,1.0,44.081665,62.0
0,60000,100,0.005,1.0,500,1.0,28.681667,35.8
0,60000,100,0.01,0.9,500,1.0,73.39001,89.200005
3,60000,100,0.005,1.0,500,1.0,28.493334,34.2
2,60000,100,0.01,0.9,500,1.0,73.77333,87.4
3,60000,100,0.005,0.9,500,1.0,76.55,86.0
3,60000,100,0.005,0.99,500,1.0,43.705,60.399998
2,60000,100,0.001,0.95,500,1.0,79.56833,87.8
2,60000,100,0.001,0.99,500,1.0,71.925,80.4
3,60000,100,0.001,0.95,500,1.0,79.625,87.2
2,60000,100,0.01,0.95,500,1.0,64.34167,86.6
0,60000,100,0.001,0.95,500,1.0,79.61833,87.8
0,60000,100,0.01,0.95,500,1.0,64.05,87.8
2,60000,100,0.005,1.0,500,1.0,28.773335,35.4
2,60000,100,0.001,1.0,500,1.0,65.24833,70.4
3,60000,100,0.001,0.99,500,1.0,71.81834,80.6
3,60000,100,0.001,1.0,500,1.0,65.43166,70.200005
1,60000,100,0.005,1.0,500,1.0,28.691668,34.2
2,60000,100,0.005,0.9,500,1.0,76.88833,87.2
4,60000,100,0.005,0.95,500,1.0,71.079994,87.6
4,60000,100,0.001,1.0,500,1.0,65.205,71.8
4,60000,100,0.01,0.9,500,1.0,73.471664,87.4
1,60000,100,0.001,0.99,500,1.0,71.72,81.0
4,60000,100,0.01,0.99,500,1.0,27.68,45.2
4,60000,100,0.01,1.0,500,1.0,16.63,21.8
4,60000,100,0.01,0.95,500,1.0,64.276665,86.799995
4,60000,100,0.005,0.9,500,1.0,76.73501,87.8
3,60000,100,0.001,0.9,500,1.0,80.52333,86.2
4,60000,100,0.005,1.0,500,1.0,28.638332,36.399998
4,60000,100,0.005,0.99,500,1.0,44.003338,60.8
4,60000,100,0.001,0.9,500,1.0,80.78666,87.0
4,60000,100,0.001,0.99,500,1.0,71.78333,80.4
1,60000,100,0.01,0.95,500,1.0,64.011665,85.2
4,60000,100,0.001,0.95,500,1.0,79.76167,88.0
0,60000,100,0.001,1.0,500,1.0,65.435005,70.6
0,60000,100,0.01,0.99,500,1.0,27.668335,44.4
2,60000,100,0.01,0.99,500,1.0,27.688334,43.399998
0,60000,10,0.001,0.91,500,1.0,74.71,80.6
0,60000,10,0.001,0.93,500,1.0,75.454994,81.4
0,60000,10,0.001,0.92,500,1.0,75.0,81.0
0,60000,10,0.001,0.94,500,1.0,75.81167,81.8
0,60000,10,0.001,0.95,500,1.0,76.21333,82.6
0,60000,10,0.001,0.96,500,1.0,76.558334,83.4
0,60000,10,0.001,0.97,500,1.0,76.68166,83.4
0,60000,10,0.001,0.98,500,1.0,76.695,84.0
0,60000,10,0.0025,0.92,500,1.0,78.86,86.0
.2
0,60000,10,0.0025,0.93,500,1.0,78.90166,85.399994
0,60000,10,0.0025,0.94,500,1.0,78.95334,86.2
0,60000,10,0.0025,0.95,500,1.0,79.083336,86.0
0,60000,10,0.0025,0.96,500,1.0,79.14167,86.0
0,60000,10,0.0025,0.97,500,1.0,78.76167,85.2
0,60000,10,0.0025,0.98,500,1.0,78.22,85.0
0,60000,10,0.005,0.91,500,1.0,80.310005,87.6
0,60000,10,0.005,0.92,500,1.0,80.275,88.200005
0,60000,10,0.005,0.93,500,1.0,80.479996,88.8
0,60000,10,0.005,0.94,500,1.0,80.34167,88.6
0,60000,10,0.005,0.95,500,1.0,80.05667,88.200005
0,60000,10,0.005,0.96,500,1.0,79.82333,88.0
0,60000,10,0.005,0.97,500,1.0,79.25333,87.4
0,60000,10,0.005,0.98,500,1.0,78.05166,87.0
0,60000,10,0.0075,0.92,500,1.0,80.759995,87.8
0,60000,10,0.0075,0.91,500,1.0,80.85167,88.6
0,60000,10,0.0075,0.93,500,1.0,80.57333,88.0
0,60000,10,0.0075,0.94,500,1.0,80.595,88.6
0,60000,10,0.0075,0.95,500,1.0,80.23167,88.8
0,60000,10,0.0075,0.96,500,1.0,79.651665,88.6
0,60000,10,0.0075,0.97,500,1.0,78.810005,87.6
0,60000,10,0.0075,0.98,500,1.0,77.21834,86.799995
0,60000,10,0.01,0.91,500,1.0,80.96,89.4
0,60000,10,0.01,0.92,500,1.0,80.72666,89.4
0,60000,10,0.01,0.93,500,1.0,80.58167,88.4
0,60000,10,0.01,0.95,500,1.0,79.729996,88.8
0,60000,10,0.01,0.94,500,1.0,80.24167,88.6
0,60000,10,0.01,0.96,500,1.0,79.308334,88.6
0,60000,10,0.01,0.97,500,1.0,78.005,87.2
0,60000,10,0.01,0.98,500,1.0,75.996666,86.4
0,60000,25,0.001,0.91,500,1.0,78.575,85.399994
0,60000,25,0.001,0.92,500,1.0,78.721664,85.2
0,60000,25,0.001,0.93,500,1.0,78.83667,85.6
0,60000,25,0.001,0.94,500,1.0,78.92834,86.0
0,60000,25,0.001,0.96,500,1.0,78.82,86.799995
0,60000,25,0.001,0.98,500,1.0,77.901665,84.4
0,60000,25,0.0025,0.91,500,1.0,80.38833,88.8
0,60000,25,0.0025,0.92,500,1.0,80.53001,88.0
0,60000,25,0.0025,0.93,500,1.0,80.479996,89.4
0,60000,25,0.001,0.95,500,1.0,78.854996,85.399994
0,60000,25,0.001,0.97,500,1.0,78.64666,84.6
0,60000,25,0.0025,0.95,500,1.0,79.945,87.8
0,60000,25,0.0025,0.94,500,1.0,80.20667,87.8
0,60000,25,0.0025,0.96,500,1.0,79.59167,87.8
0,60000,25,0.0025,0.97,500,1.0,78.831665,86.799995
0,60000,25,0.0025,0.98,500,1.0,77.54833,84.799995
0,60000,25,0.005,0.91,500,1.0,80.57834,89.200005
0,60000,25,0.005,0.92,500,1.0,80.526665,88.6
0,60000,25,0.005,0.93,500,1.0,80.14666,89.200005
0,60000,25,0.005,0.94,500,1.0,79.86,88.4
0,60000,25,0.005,0.97,500,1.0,77.0,86.2
0,60000,25,0.005,0.95,500,1.0,79.32334,88.4
0,60000,25,0.005,0.96,500,1.0,78.375,88.8
0,60000,25,0.0075,0.91,500,1.0,79.893326,88.6
0,60000,25,0.005,0.98,500,1.0,74.30334,84.799995
0,60000,25,0.0075,0.93,500,1.0,79.153336,88.6
0,60000,25,0.0075,0.92,500,1.0,79.63167,89.4
0,60000,25,0.0075,0.95,500,1.0,77.81333,89.4
0,60000,25,0.0075,0.96,500,1.0,76.56333,87.0
0,60000,25,0.0075,0.94,500,1.0,78.65166,88.8
0,60000,25,0.01,0.92,500,1.0,78.65833,88.6
0,60000,25,0.01,0.91,500,1.0,79.041664,89.4
0,60000,25,0.01,0.93,500,1.0,78.245,88.4
0,60000,25,0.01,0.94,500,1.0,77.520004,89.200005
0,60000,25,0.0075,0.98,500,1.0,70.840004,81.6
0,60000,25,0.01,0.96,500,1.0,74.795006,87.8
0,60000,25,0.0075,0.97,500,1.0,74.44666,88.200005
0,60000,25,0.01,0.95,500,1.0,76.20333,87.8
0,60000,25,0.01,0.97,500,1.0,71.84,84.6
0,60000,25,0.01,0.98,500,1.0,67.45333,80.8
1,60000,10,0.001,0.91,500,1.0,75.30667,81.0
1,60000,10,0.001,0.92,500,1.0,75.54833,81.2
1,60000,10,0.001,0.93,500,1.0,75.871666,82.4
1,60000,10,0.001,0.94,500,1.0,76.175,83.0
1,60000,10,0.001,0.95,500,1.0,76.454994,83.8
1,60000,10,0.001,0.96,500,1.0,76.78834,83.200005
1,60000,10,0.001,0.97,500,1.0,76.87334,82.4
1,60000,10,0.001,0.98,500,1.0,76.81167,83.4
1,60000,10,0.0025,0.91,500,1.0,79.07166,84.6
1,60000,10,0.0025,0.92,500,1.0,79.08667,84.799995
1,60000,10,0.0025,0.93,500,1.0,79.24333,85.2
1,60000,10,0.0025,0.95,500,1.0,79.191666,86.4
1,60000,10,0.0025,0.98,500,1.0,78.04833,85.0
1,60000,10,0.0025,0.96,500,1.0,79.155,85.6
1,60000,10,0.0025,0.97,500,1.0,78.831665,85.2
1,60000,10,0.005,0.92,500,1.0,80.596664,86.2
1,60000,10,0.0025,0.94,500,1.0,79.30667,85.399994
1,60000,10,0.005,0.93,500,1.0,80.45334,86.2
1,60000,10,0.005,0.96,500,1.0,79.810005,86.0
1,60000,10,0.005,0.94,500,1.0,80.29834,87.4
1,60000,10,0.005,0.97,500,1.0,79.12666,86.4
1,60000,10,0.005,0.95,500,1.0,80.21166,87.4
1,60000,10,0.005,0.98,500,1.0,78.22,85.2
1,60000,10,0.0075,0.91,500,1.0,81.02333,87.0
1,60000,10,0.0075,0.92,500,1.0,80.920006,86.799995
1,60000,10,0.005,0.91,500,1.0,80.51833,86.2
0,60000,50,0.001,0.98,500,1.0,77.99167,86.0
0,60000,50,0.0025,0.91,500,1.0,80.555,88.0
0,60000,50,0.001,0.96,500,1.0,79.683334,87.8
0,60000,50,0.001,0.94,500,1.0,80.04,88.0
0,60000,50,0.001,0.92,500,1.0,80.221664,88.8
0,60000,50,0.0025,0.92,500,1.0,80.21834,90.0
0,60000,50,0.0025,0.95,500,1.0,79.01833,88.200005
0,60000,50,0.0025,0.97,500,1.0,76.731674,87.0
0,60000,50,0.005,0.94,500,1.0,77.009995,88.8
0,60000,50,0.005,0.92,500,1.0,78.579994,87.2
0,60000,50,0.005,0.98,500,1.0,67.0,80.4
0,60000,50,0.001,0.93,500,1.0,80.08167,88.200005
0,60000,50,0.005,0.95,500,1.0,75.965004,87.4
0,60000,50,0.01,0.92,500,1.0,75.32834,88.200005
0,60000,50,0.0025,0.94,500,1.0,79.68999,87.6
0,60000,50,0.005,0.91,500,1.0,78.840004,88.0
0,60000,50,0.001,0.97,500,1.0,78.96667,87.6
0,60000,50,0.001,0.95,500,1.0,79.85832,88.200005
0,60000,50,0.0075,0.94,500,1.0,74.878334,89.0
0,60000,50,0.0075,0.92,500,1.0,76.71167,89.600006
0,60000,50,0.0025,0.93,500,1.0,80.07667,88.8
0,60000,50,0.0025,0.98,500,1.0,74.00833,83.8
0,60000,50,0.005,0.93,500,1.0,78.11667,89.600006
0,60000,50,0.005,0.97,500,1.0,71.518326,86.0
0,60000,50,0.01,0.91,500,1.0,76.17334,89.0
0,60000,50,0.005,0.96,500,1.0,74.488335,88.0
0,60000,50,0.0025,0.96,500,1.0,78.28,87.6
0,60000,50,0.0075,0.91,500,1.0,77.675,88.0
0,60000,50,0.0075,0.93,500,1.0,76.028336,88.4
1,60000,10,0.0075,0.93,500,1.0,80.78833,87.6
0,60000,50,0.01,0.95,500,1.0,71.12667,88.4
0,60000,50,0.0075,0.97,500,1.0,67.28834,84.799995
0,60000,50,0.0075,0.98,500,1.0,61.270004,77.8
0,60000,50,0.0075,0.95,500,1.0,73.23333,87.2
0,60000,50,0.01,0.97,500,1.0,63.391666,84.2
0,60000,50,0.0075,0.96,500,1.0,71.291664,88.0
0,60000,50,0.01,0.94,500,1.0,72.88167,89.200005
0,60000,50,0.01,0.96,500,1.0,68.01833,86.6
0,60000,50,0.01,0.98,500,1.0,56.164997,75.2
1,60000,10,0.0075,0.94,500,1.0,80.541664,87.0
1,60000,10,0.0075,0.95,500,1.0,80.23499,88.6
1,60000,10,0.0075,0.96,500,1.0,79.755,86.4
1,60000,10,0.0075,0.97,500,1.0,78.82334,87.6
1,60000,10,0.01,0.91,500,1.0,81.00833,86.6
0,60000,50,0.01,0.93,500,1.0,74.21,88.8
1,60000,10,0.0075,0.98,500,1.0,77.30501,84.799995
1,60000,10,0.01,0.92,500,1.0,80.9,87.6
0,60000,50,0.001,0.91,500,1.0,80.16333,88.4
1,60000,10,0.01,0.93,500,1.0,80.68166,87.4
1,60000,10,0.01,0.94,500,1.0,80.41167,86.6
1,60000,10,0.01,0.95,500,1.0,79.95167,87.6
1,60000,10,0.01,0.96,500,1.0,79.17834,86.0
1,60000,10,0.01,0.97,500,1.0,78.15,86.0
1,60000,10,0.01,0.98,500,1.0,76.166664,85.2
0,60000,75,0.001,0.94,500,1.0,80.243324,88.0
1,60000,25,0.001,0.92,500,1.0,79.08499,84.799995
1,60000,25,0.001,0.95,500,1.0,79.08833,86.2
1,60000,25,0.001,0.91,500,1.0,78.795006,84.799995
1,60000,25,0.001,0.94,500,1.0,79.2,86.6
1,60000,25,0.001,0.98,500,1.0,77.92834,84.2
1,60000,25,0.001,0.93,500,1.0,79.145004,86.2
1,60000,25,0.0025,0.91,500,1.0,80.63999,86.2
1,60000,25,0.001,0.96,500,1.0,79.01667,85.399994
1,60000,25,0.0025,0.92,500,1.0,80.68666,87.2
0,60000,75,0.001,0.95,500,1.0,79.916664,88.6
0,60000,75,0.001,0.93,500,1.0,80.441666,89.0
0,60000,75,0.001,0.97,500,1.0,78.59334,88.4
1,60000,25,0.0025,0.93,500,1.0,80.49,87.0
0,60000,75,0.0025,0.95,500,1.0,77.48667,89.200005
0,60000,75,0.005,0.93,500,1.0,75.97834,88.6
0,60000,75,0.001,0.92,500,1.0,80.47667,88.8
0,60000,75,0.001,0.91,500,1.0,80.54666,88.200005
0,60000,75,0.0025,0.94,500,1.0,78.46167,89.4
0,60000,75,0.0025,0.93,500,1.0,79.04666,87.4
0,60000,75,0.001,0.98,500,1.0,77.04833,86.2
0,60000,75,0.001,0.96,500,1.0,79.37333,88.6
0,60000,75,0.005,0.95,500,1.0,73.253334,88.4
0,60000,75,0.0025,0.91,500,1.0,79.80334,88.6
0,60000,75,0.0075,0.91,500,1.0,75.51667,89.200005
0,60000,75,0.005,0.91,500,1.0,77.43167,88.6
0,60000,75,0.0025,0.96,500,1.0,76.17334,88.0
0,60000,75,0.0025,0.98,500,1.0,70.403336,82.4
0,60000,75,0.0025,0.97,500,1.0,74.10833,86.4
0,60000,75,0.005,0.98,500,1.0,60.83167,78.6
0,60000,75,0.005,0.92,500,1.0,76.90168,88.4
0,60000,75,0.0025,0.92,500,1.0,79.48333,88.8
0,60000,75,0.0075,0.97,500,1.0,61.586666,81.4
0,60000,75,0.005,0.94,500,1.0,74.78667,88.8
0,60000,75,0.0075,0.93,500,1.0,73.44834,88.8
0,60000,75,0.01,0.92,500,1.0,72.759995,87.6
1,60000,25,0.0025,0.94,500,1.0,80.45333,87.0
0,60000,75,0.01,0.91,500,1.0,73.83999,89.0
0,60000,75,0.0075,0.92,500,1.0,74.50833,87.6
0,60000,75,0.005,0.97,500,1.0,66.93166,83.200005
0,60000,75,0.0075,0.96,500,1.0,66.63167,87.2
0,60000,75,0.0075,0.95,500,1.0,69.76333,87.8
1,60000,25,0.0025,0.95,500,1.0,80.07,87.4
0,60000,75,0.0075,0.94,500,1.0,71.916664,88.0
1,60000,25,0.001,0.97,500,1.0,78.496666,84.799995
0,60000,75,0.01,0.96,500,1.0,63.063335,84.799995
0,60000,75,0.01,0.95,500,1.0,67.02167,87.2
0,60000,75,0.01,0.93,500,1.0,71.478325,88.0
0,60000,75,0.0075,0.98,500,1.0,53.84,75.4
0,60000,75,0.01,0.94,500,1.0,69.75166,88.0
0,60000,75,0.01,0.97,500,1.0,57.345005,82.200005
1,60000,25,0.0025,0.96,500,1.0,79.643326,85.799995
1,60000,25,0.0025,0.97,500,1.0,79.0,85.799995
1,60000,25,0.0025,0.98,500,1.0,77.57166,84.6
1,60000,25,0.005,0.91,500,1.0,80.63833,87.2
1,60000,25,0.005,0.93,500,1.0,80.22667,86.799995
1,60000,25,0.0075,0.91,500,1.0,80.06833,87.8
1,60000,25,0.005,0.95,500,1.0,79.22334,87.0
1,60000,25,0.005,0.97,500,1.0,76.765,85.2
1,60000,25,0.0075,0.92,500,1.0,79.78667,87.2
1,60000,25,0.005,0.94,500,1.0,79.76833,87.2
1,60000,25,0.005,0.96,500,1.0,78.29666,86.2
1,60000,25,0.0075,0.93,500,1.0,79.30334,87.4
1,60000,25,0.005,0.98,500,1.0,74.55667,83.8
1,60000,25,0.0075,0.95,500,1.0,77.73333,86.4
1,60000,25,0.0075,0.96,500,1.0,76.53833,86.4
1,60000,25,0.0075,0.94,500,1.0,78.61333,87.0
1,60000,25,0.0075,0.97,500,1.0,74.535,85.0
1,60000,25,0.005,0.92,500,1.0,80.579994,87.4
1,60000,25,0.01,0.91,500,1.0,79.29001,88.0
1,60000,25,0.01,0.93,500,1.0,78.316666,87.8
1,60000,25,0.01,0.98,500,1.0,67.84667,81.6
1,60000,25,0.01,0.95,500,1.0,76.278336,86.799995
1,60000,25,0.0075,0.98,500,1.0,70.85167,84.4
1,60000,25,0.01,0.94,500,1.0,77.564995,87.4
1,60000,25,0.01,0.97,500,1.0,72.06333,85.2
1,60000,25,0.01,0.96,500,1.0,74.683334,85.799995
0,60000,75,0.005,0.96,500,1.0,70.86667,87.4
1,60000,25,0.01,0.92,500,1.0,78.64834,87.0
0,60000,75,0.01,0.98,500,1.0,48.108334,73.4
0,60000,100,0.001,0.94,500,1.0,79.965,87.4
0,60000,100,0.001,0.92,500,1.0,80.71333,88.0
0,60000,100,0.0025,0.94,500,1.0,77.10833,89.200005
0,60000,100,0.001,0.96,500,1.0,78.87667,88.0
0,60000,100,0.001,0.93,500,1.0,80.26667,88.200005
0,60000,100,0.001,0.91,500,1.0,80.6,88.6
0,60000,100,0.001,0.97,500,1.0,77.543335,87.4
0,60000,100,0.0025,0.91,500,1.0,78.93667,87.8
0,60000,100,0.0025,0.98,500,1.0,67.14667,79.799995
0,60000,100,0.0025,0.92,500,1.0,78.57166,87.8
1,60000,50,0.001,0.95,500,1.0,80.079994,86.0
0,60000,100,0.001,0.98,500,1.0,75.560005,86.2
0,60000,100,0.0025,0.93,500,1.0,77.981674,89.200005
0,60000,100,0.005,0.97,500,1.0,63.166668,82.8
1,60000,50,0.0025,0.91,500,1.0,80.579994,87.4
0,60000,100,0.001,0.95,500,1.0,79.61833,87.8
0,60000,100,0.005,0.92,500,1.0,75.346664,89.600006
1,60000,50,0.0025,0.92,500,1.0,80.42666,87.6
1,60000,50,0.001,0.97,500,1.0,79.125,86.0
1,60000,50,0.001,0.93,500,1.0,80.51501,86.4
0,60000,100,0.005,0.93,500,1.0,74.17834,88.0
1,60000,50,0.001,0.91,500,1.0,80.420006,86.799995
1,60000,50,0.001,0.98,500,1.0,77.96833,85.399994
0,60000,100,0.0025,0.97,500,1.0,71.55,85.2
1,60000,50,0.001,0.94,500,1.0,80.26501,86.799995
1,60000,50,0.001,0.96,500,1.0,79.643326,85.6
1,60000,50,0.0025,0.93,500,1.0,80.35167,86.2
1,60000,50,0.0025,0.97,500,1.0,76.73333,86.0
1,60000,50,0.0025,0.95,500,1.0,79.256676,86.799995
1,60000,50,0.0025,0.96,500,1.0,78.295,86.2
1,60000,50,0.001,0.92,500,1.0,80.605,86.799995
1,60000,50,0.005,0.96,500,1.0,74.57834,87.0
1,60000,50,0.0025,0.98,500,1.0,74.134995,84.2
1,60000,50,0.0025,0.94,500,1.0,79.743324,87.0
1,60000,50,0.005,0.95,500,1.0,76.15,87.0
0,60000,100,0.0025,0.96,500,1.0,74.3,87.8
0,60000,100,0.0075,0.92,500,1.0,72.80166,89.200005
0,60000,100,0.0075,0.91,500,1.0,73.92166,89.200005
1,60000,50,0.005,0.94,500,1.0,77.34167,87.0
0,60000,100,0.0075,0.93,500,1.0,71.43167,88.8
0,60000,100,0.0075,0.94,500,1.0,69.76667,88.6
1,60000,50,0.005,0.91,500,1.0,79.041664,87.2
0,60000,100,0.005,0.91,500,1.0,76.085,88.4
0,60000,100,0.0075,0.95,500,1.0,67.041664,87.8
1,60000,50,0.005,0.92,500,1.0,78.706665,87.2
1,60000,50,0.005,0.97,500,1.0,71.695,85.0
1,60000,50,0.005,0.98,500,1.0,67.30167,81.8
0,60000,100,0.0025,0.95,500,1.0,76.06333,87.8
0,60000,100,0.0075,0.98,500,1.0,48.111668,72.6
1,60000,50,0.005,0.93,500,1.0,78.07334,87.0
0,60000,100,0.01,0.93,500,1.0,69.403336,88.0
0,60000,100,0.005,0.94,500,1.0,72.768326,89.8
0,60000,100,0.005,0.96,500,1.0,67.75833,86.2
1,60000,50,0.0075,0.91,500,1.0,77.60833,89.0
0,60000,100,0.01,0.96,500,1.0,59.475,84.0
0,60000,100,0.0075,0.96,500,1.0,63.116665,86.0
1,60000,50,0.0075,0.92,500,1.0,77.1,86.799995
0,60000,100,0.01,0.95,500,1.0,64.05,87.8
0,60000,100,0.01,0.98,500,1.0,42.245,68.6
0,60000,100,0.005,0.98,500,1.0,55.811665,75.6
0,60000,100,0.005,0.95,500,1.0,70.85833,89.0
0,60000,100,0.01,0.91,500,1.0,72.346664,88.8
0,60000,100,0.0075,0.97,500,1.0,57.27333,82.200005
0,60000,100,0.01,0.94,500,1.0,67.51167,87.6
1,60000,50,0.01,0.93,500,1.0,74.68166,86.799995
1,60000,50,0.0075,0.94,500,1.0,75.25167,87.2
1,60000,50,0.0075,0.95,500,1.0,73.386665,86.6
1,60000,50,0.0075,0.93,500,1.0,76.255,87.2
1,60000,50,0.01,0.92,500,1.0,75.82334,87.4
1,60000,50,0.0075,0.96,500,1.0,71.003334,86.6
1,60000,50,0.01,0.91,500,1.0,76.46333,88.0
1,60000,50,0.0075,0.98,500,1.0,61.495003,79.0
1,60000,50,0.0075,0.97,500,1.0,67.54666,83.8
0,60000,100,0.01,0.97,500,1.0,52.748333,80.0
0,60000,100,0.01,0.92,500,1.0,70.96333,88.8
1,60000,50,0.01,0.94,500,1.0,73.19666,86.0
2,60000,10,0.001,0.91,500,1.0,74.84167,80.8
2,60000,10,0.001,0.92,500,1.0,75.170006,80.8
2,60000,10,0.001,0.93,500,1.0,75.455,82.0
2,60000,10,0.001,0.94,500,1.0,75.75166,82.4
2,60000,10,0.001,0.95,500,1.0,76.020004,82.8
2,60000,10,0.001,0.96,500,1.0,76.204994,82.8
2,60000,10,0.0025,0.91,500,1.0,78.73667,85.6
2,60000,10,0.001,0.98,500,1.0,76.37667,82.4
2,60000,10,0.0025,0.93,500,1.0,78.86333,86.799995
2,60000,10,0.0025,0.92,500,1.0,78.82333,86.0
1,60000,50,0.01,0.95,500,1.0,70.98333,86.6
2,60000,10,0.001,0.97,500,1.0,76.415,83.4
2,60000,10,0.0025,0.94,500,1.0,78.97,86.799995
2,60000,10,0.0025,0.95,500,1.0,78.979996,86.2
2,60000,10,0.0025,0.96,500,1.0,78.85166,86.2
1,60000,50,0.01,0.97,500,1.0,63.596664,83.8
2,60000,10,0.0025,0.97,500,1.0,78.541664,84.799995
2,60000,10,0.0025,0.98,500,1.0,77.83167,83.8
2,60000,10,0.005,0.91,500,1.0,80.46001,88.4
2,60000,10,0.005,0.94,500,1.0,80.21833,87.6
2,60000,10,0.005,0.92,500,1.0,80.37334,87.6
2,60000,10,0.005,0.93,500,1.0,80.39167,87.6
2,60000,10,0.005,0.95,500,1.0,80.12,88.200005
2,60000,10,0.005,0.96,500,1.0,79.74334,87.6
2,60000,10,0.005,0.97,500,1.0,78.995,85.6
2,60000,10,0.005,0.98,500,1.0,77.96834,85.2
2,60000,10,0.0075,0.91,500,1.0,80.77666,88.4
1,60000,50,0.01,0.98,500,1.0,56.463333,78.0
2,60000,10,0.0075,0.93,500,1.0,80.69334,89.0
2,60000,10,0.0075,0.92,500,1.0,80.69666,88.4
2,60000,10,0.0075,0.94,500,1.0,80.393326,88.0
2,60000,10,0.0075,0.95,500,1.0,80.15166,88.200005
2,60000,10,0.0075,0.97,500,1.0,78.63833,86.6
2,60000,10,0.0075,0.96,500,1.0,79.58833,87.8
2,60000,10,0.0075,0.98,500,1.0,77.28833,84.2
2,60000,10,0.01,0.91,500,1.0,80.920006,88.0
2,60000,10,0.01,0.92,500,1.0,80.808334,87.2
2,60000,10,0.01,0.93,500,1.0,80.53667,87.6
1,60000,50,0.01,0.96,500,1.0,68.24333,85.799995
2,60000,10,0.01,0.94,500,1.0,80.403336,88.0
2,60000,10,0.01,0.96,500,1.0,79.293335,87.4
2,60000,10,0.01,0.95,500,1.0,79.941666,88.0
2,60000,10,0.01,0.97,500,1.0,78.08501,86.2
2,60000,10,0.01,0.98,500,1.0,76.225,84.6
1,60000,75,0.01,0.92,500,1.0,73.18166,86.4
1,60000,75,0.001,0.92,500,1.0,80.71667,87.2
1,60000,75,0.001,0.96,500,1.0,79.425,86.0
1,60000,75,0.001,0.93,500,1.0,80.63667,87.4
1,60000,75,0.001,0.97,500,1.0,78.595,87.2
1,60000,75,0.0025,0.94,500,1.0,78.645004,88.0
1,60000,75,0.001,0.91,500,1.0,80.705,86.4
1,60000,75,0.0025,0.91,500,1.0,79.85667,87.6
1,60000,75,0.001,0.94,500,1.0,80.63667,87.4
1,60000,75,0.005,0.91,500,1.0,77.69666,87.8
1,60000,75,0.001,0.95,500,1.0,80.08,87.8
1,60000,75,0.005,0.93,500,1.0,76.131676,86.799995
1,60000,75,0.01,0.95,500,1.0,67.10833,85.799995
1,60000,75,0.0025,0.95,500,1.0,77.76499,86.6
1,60000,75,0.005,0.92,500,1.0,76.96833,87.6
2,60000,25,0.001,0.93,500,1.0,78.745,86.799995
2,60000,25,0.001,0.92,500,1.0,78.64666,86.2
1,60000,75,0.001,0.98,500,1.0,77.09834,85.0
1,60000,75,0.005,0.95,500,1.0,73.420006,86.2
1,60000,75,0.0025,0.98,500,1.0,70.55667,83.4
1,60000,75,0.0025,0.97,500,1.0,74.13,86.0
2,60000,25,0.001,0.94,500,1.0,78.75667,87.4
1,60000,75,0.005,0.97,500,1.0,67.19167,85.0
2,60000,25,0.001,0.97,500,1.0,78.39834,85.399994
2,60000,25,0.001,0.95,500,1.0,78.75833,86.4
2,60000,25,0.001,0.96,500,1.0,78.49833,86.0
1,60000,75,0.0025,0.92,500,1.0,79.56167,87.0
2,60000,25,0.0025,0.96,500,1.0,79.65666,88.0
1,60000,75,0.0075,0.95,500,1.0,70.104996,85.799995
1,60000,75,0.0075,0.94,500,1.0,72.33167,87.0
2,60000,25,0.0025,0.93,500,1.0,80.454994,88.6
2,60000,25,0.001,0.98,500,1.0,77.65501,85.0
2,60000,25,0.001,0.91,500,1.0,78.55166,85.6
2,60000,25,0.0025,0.92,500,1.0,80.54666,87.6
1,60000,75,0.005,0.96,500,1.0,70.92834,85.2
1,60000,75,0.0025,0.93,500,1.0,79.28,87.0
2,60000,25,0.0025,0.91,500,1.0,80.57834,87.8
1,60000,75,0.0075,0.97,500,1.0,61.583332,82.8
2,60000,25,0.0025,0.97,500,1.0,78.88833,86.6
1,60000,75,0.01,0.94,500,1.0,70.05167,86.6
1,60000,75,0.0075,0.91,500,1.0,75.791664,88.200005
2,60000,25,0.0025,0.95,500,1.0,80.066666,87.2
2,60000,25,0.0025,0.94,500,1.0,80.246666,87.8
1,60000,75,0.0075,0.96,500,1.0,66.87,85.799995
1,60000,75,0.0025,0.96,500,1.0,76.39833,86.2
1,60000,75,0.01,0.93,500,1.0,71.784996,86.6
1,60000,75,0.0075,0.98,500,1.0,54.106667,77.600006
2,60000,25,0.005,0.91,500,1.0,80.543335,87.0
1,60000,75,0.0075,0.92,500,1.0,74.88833,87.8
1,60000,75,0.005,0.98,500,1.0,61.289997,78.6
1,60000,75,0.01,0.98,500,1.0,48.104996,74.0
1,60000,75,0.005,0.94,500,1.0,75.136665,86.4
1,60000,75,0.0075,0.93,500,1.0,73.971664,86.4
2,60000,25,0.005,0.95,500,1.0,79.426674,87.4
2,60000,25,0.005,0.93,500,1.0,80.11666,87.8
2,60000,25,0.0025,0.98,500,1.0,77.34333,84.2
2,60000,25,0.005,0.94,500,1.0,79.83834,88.8
1,60000,75,0.01,0.91,500,1.0,74.37833,87.4
2,60000,25,0.005,0.98,500,1.0,74.479996,84.0
2,60000,25,0.0075,0.91,500,1.0,79.825,87.0
2,60000,25,0.005,0.97,500,1.0,76.793335,86.6
2,60000,25,0.0075,0.92,500,1.0,79.6,87.8
2,60000,25,0.0075,0.94,500,1.0,78.74667,86.799995
2,60000,25,0.0075,0.97,500,1.0,74.32333,85.799995
1,60000,75,0.01,0.97,500,1.0,57.376667,81.4
2,60000,25,0.0075,0.95,500,1.0,77.93,86.6
2,60000,25,0.01,0.91,500,1.0,79.11833,87.8
2,60000,25,0.0075,0.98,500,1.0,71.03166,82.4
2,60000,25,0.0075,0.96,500,1.0,76.43999,87.8
2,60000,25,0.005,0.92,500,1.0,80.45334,87.6
1,60000,75,0.01,0.96,500,1.0,63.59,85.0
2,60000,25,0.01,0.94,500,1.0,77.525,87.4
2,60000,25,0.01,0.95,500,1.0,76.39001,86.0
2,60000,25,0.01,0.92,500,1.0,78.66833,87.8
2,60000,25,0.01,0.93,500,1.0,78.32333,87.2
2,60000,25,0.01,0.97,500,1.0,72.08,84.799995
2,60000,25,0.005,0.96,500,1.0,78.40833,85.799995
2,60000,25,0.01,0.96,500,1.0,74.920006,86.2
2,60000,25,0.01,0.98,500,1.0,67.605,82.200005
2,60000,25,0.0075,0.93,500,1.0,79.26,87.0
1,60000,100,0.001,0.98,500,1.0,75.64666,84.0
1,60000,100,0.001,0.96,500,1.0,79.13166,85.799995
1,60000,100,0.001,0.94,500,1.0,80.25166,86.799995
1,60000,100,0.001,0.97,500,1.0,77.64834,85.6
1,60000,100,0.001,0.93,500,1.0,80.506676,87.0
1,60000,100,0.001,0.92,500,1.0,80.57,87.2
1,60000,100,0.0025,0.92,500,1.0,78.69333,86.799995
1,60000,100,0.001,0.91,500,1.0,80.619995,87.0
1,60000,100,0.0025,0.94,500,1.0,77.291664,86.6
1,60000,100,0.0025,0.93,500,1.0,78.291664,87.2
1,60000,100,0.0025,0.96,500,1.0,74.45999,85.799995
1,60000,100,0.005,0.92,500,1.0,75.53333,88.200005
1,60000,100,0.001,0.95,500,1.0,79.64333,86.0
1,60000,100,0.005,0.91,500,1.0,76.17667,88.200005
1,60000,100,0.0025,0.97,500,1.0,71.50833,85.6
1,60000,100,0.005,0.93,500,1.0,74.52334,88.0
2,60000,50,0.001,0.94,500,1.0,80.14666,86.799995
1,60000,100,0.0025,0.91,500,1.0,79.11667,87.2
1,60000,100,0.005,0.96,500,1.0,67.94334,85.6
1,60000,100,0.005,0.94,500,1.0,72.93499,86.2
2,60000,50,0.001,0.95,500,1.0,79.95999,87.2
2,60000,50,0.001,0.92,500,1.0,80.24333,86.799995
1,60000,100,0.005,0.97,500,1.0,63.530003,84.0
2,60000,50,0.001,0.93,500,1.0,80.33833,88.0
1,60000,100,0.005,0.95,500,1.0,70.971664,86.2
2,60000,50,0.001,0.91,500,1.0,80.354996,87.4
2,60000,50,0.0025,0.96,500,1.0,78.33667,86.2
2,60000,50,0.001,0.97,500,1.0,78.845,85.399994
2,60000,50,0.001,0.96,500,1.0,79.54667,88.0
2,60000,50,0.0025,0.92,500,1.0,80.49833,88.6
2,60000,50,0.001,0.98,500,1.0,77.60334,84.799995
2,60000,50,0.0025,0.93,500,1.0,80.206665,87.6
2,60000,50,0.0025,0.91,500,1.0,80.62167,87.4
2,60000,50,0.0025,0.97,500,1.0,76.76667,85.6
2,60000,50,0.0025,0.95,500,1.0,79.10833,88.6
2,60000,50,0.0025,0.98,500,1.0,74.05334,83.4
1,60000,100,0.005,0.98,500,1.0,56.19833,76.200005
2,60000,50,0.005,0.95,500,1.0,76.18833,86.6
2,60000,50,0.005,0.94,500,1.0,77.235,86.799995
1,60000,100,0.0025,0.98,500,1.0,66.945,83.0
2,60000,50,0.005,0.97,500,1.0,71.718346,84.6
2,60000,50,0.005,0.92,500,1.0,78.606674,86.6
2,60000,50,0.005,0.91,500,1.0,78.920006,87.4
2,60000,50,0.0025,0.94,500,1.0,79.778336,87.0
2,60000,50,0.005,0.98,500,1.0,67.36667,80.6
1,60000,100,0.0025,0.95,500,1.0,76.176674,87.2
2,60000,50,0.0075,0.91,500,1.0,77.481674,87.0
2,60000,50,0.005,0.96,500,1.0,74.4,86.0
1,60000,100,0.0075,0.93,500,1.0,71.95334,86.6
2,60000,50,0.005,0.93,500,1.0,78.05667,87.0
1,60000,100,0.0075,0.95,500,1.0,67.30833,86.0
1,60000,100,0.0075,0.96,500,1.0,63.46167,85.399994
1,60000,100,0.01,0.91,500,1.0,72.84333,88.200005
1,60000,100,0.0075,0.94,500,1.0,69.868324,86.4
1,60000,100,0.01,0.94,500,1.0,67.485,86.6
1,60000,100,0.0075,0.98,500,1.0,48.114998,73.0
2,60000,50,0.0075,0.93,500,1.0,76.175,86.6
1,60000,100,0.01,0.92,500,1.0,71.14333,87.8
2,60000,50,0.0075,0.92,500,1.0,76.96999,87.6
1,60000,100,0.01,0.95,500,1.0,64.011665,85.2
1,60000,100,0.01,0.98,500,1.0,42.176662,70.200005
1,60000,100,0.01,0.93,500,1.0,69.78667,86.799995
2,60000,50,0.0075,0.97,500,1.0,67.415,84.799995
3,60000,10,0.001,0.91,500,1.0,74.53667,80.2
2,60000,50,0.0075,0.94,500,1.0,75.106674,87.0
2,60000,50,0.01,0.91,500,1.0,76.58667,87.8
2,60000,50,0.01,0.93,500,1.0,74.585,87.2
3,60000,10,0.001,0.94,500,1.0,75.46,81.6
2,60000,50,0.01,0.94,500,1.0,73.191666,86.0
3,60000,10,0.001,0.92,500,1.0,74.86001,81.0
3,60000,10,0.001,0.97,500,1.0,76.54666,84.799995
3,60000,10,0.001,0.93,500,1.0,75.15,81.4
3,60000,10,0.001,0.98,500,1.0,76.53166,84.6
1,60000,100,0.0075,0.91,500,1.0,74.39666,87.8
3,60000,10,0.001,0.96,500,1.0,76.24833,83.0
3,60000,10,0.0025,0.92,500,1.0,78.52166,85.0
3,60000,10,0.0025,0.91,500,1.0,78.14833,84.4
2,60000,50,0.0075,0.96,500,1.0,71.09,86.6
3,60000,10,0.001,0.95,500,1.0,75.903336,82.200005
1,60000,100,0.01,0.97,500,1.0,52.715,80.4
3,60000,10,0.0025,0.93,500,1.0,78.541664,84.6
2,60000,50,0.0075,0.95,500,1.0,73.47834,87.2
2,60000,50,0.01,0.96,500,1.0,68.205,87.0
2,60000,50,0.01,0.92,500,1.0,75.81167,87.0
3,60000,10,0.0025,0.94,500,1.0,78.765,84.799995
3,60000,10,0.0025,0.95,500,1.0,78.95167,85.2
3,60000,10,0.0025,0.96,500,1.0,78.92667,86.0
3,60000,10,0.0025,0.97,500,1.0,78.64167,84.6
2,60000,50,0.0075,0.98,500,1.0,61.710003,79.0
3,60000,10,0.0025,0.98,500,1.0,77.9,84.6
2,60000,50,0.01,0.98,500,1.0,56.526665,76.200005
2,60000,50,0.01,0.97,500,1.0,63.961662,84.2
3,60000,10,0.005,0.91,500,1.0,79.92167,85.799995
3,60000,10,0.005,0.92,500,1.0,79.98833,85.6
3,60000,10,0.005,0.93,500,1.0,79.995,86.2
3,60000,10,0.005,0.94,500,1.0,80.018326,87.2
3,60000,10,0.005,0.95,500,1.0,80.01499,86.0
3,60000,10,0.005,0.96,500,1.0,79.753334,87.4
1,60000,100,0.0075,0.97,500,1.0,57.301662,80.8
3,60000,10,0.005,0.97,500,1.0,79.21667,86.2
3,60000,10,0.005,0.98,500,1.0,78.168335,84.799995
3,60000,10,0.0075,0.91,500,1.0,80.34834,87.0
1,60000,100,0.0075,0.92,500,1.0,73.47334,87.6
2,60000,50,0.01,0.95,500,1.0,71.43,86.2
3,60000,10,0.0075,0.94,500,1.0,80.26667,86.2
3,60000,10,0.0075,0.92,500,1.0,80.43166,85.799995
3,60000,10,0.0075,0.96,500,1.0,79.66333,86.799995
3,60000,10,0.0075,0.95,500,1.0,80.18667,87.0
3,60000,10,0.0075,0.93,500,1.0,80.47,86.2
3,60000,10,0.0075,0.97,500,1.0,78.89666,87.0
3,60000,10,0.01,0.91,500,1.0,80.46167,86.2
3,60000,10,0.01,0.93,500,1.0,80.45,87.0
3,60000,10,0.01,0.94,500,1.0,80.206665,86.799995
3,60000,10,0.01,0.98,500,1.0,76.26833,86.0
3,60000,10,0.01,0.96,500,1.0,79.165,86.4
3,60000,10,0.01,0.95,500,1.0,79.92667,86.6
3,60000,10,0.01,0.97,500,1.0,77.99167,86.4
3,60000,10,0.0075,0.98,500,1.0,77.25833,85.0
3,60000,10,0.01,0.92,500,1.0,80.53833,86.6
1,60000,100,0.01,0.96,500,1.0,59.79667,85.2
2,60000,75,0.0025,0.94,500,1.0,78.45,86.6
2,60000,75,0.001,0.91,500,1.0,80.468346,88.0
2,60000,75,0.001,0.92,500,1.0,80.57166,88.200005
2,60000,75,0.001,0.94,500,1.0,80.306656,88.200005
2,60000,75,0.001,0.93,500,1.0,80.42166,87.6
2,60000,75,0.0075,0.96,500,1.0,66.895004,84.799995
2,60000,75,0.001,0.96,500,1.0,79.32333,87.0
2,60000,75,0.0025,0.97,500,1.0,73.954994,85.6
2,60000,75,0.001,0.97,500,1.0,78.39666,86.0
2,60000,75,0.005,0.93,500,1.0,76.24167,87.0
2,60000,75,0.01,0.92,500,1.0,73.17334,87.0
2,60000,75,0.005,0.95,500,1.0,73.50166,86.2
2,60000,75,0.0075,0.91,500,1.0,75.71833,87.4
2,60000,75,0.0025,0.93,500,1.0,79.11,87.2
2,60000,75,0.005,0.91,500,1.0,77.66333,87.4
2,60000,75,0.005,0.94,500,1.0,75.119995,86.799995
2,60000,75,0.001,0.95,500,1.0,79.98499,87.4
2,60000,75,0.0025,0.92,500,1.0,79.54666,88.0
2,60000,75,0.0025,0.98,500,1.0,70.66501,82.4
2,60000,75,0.005,0.92,500,1.0,77.095,87.6
2,60000,75,0.001,0.98,500,1.0,76.94333,84.799995
2,60000,75,0.0025,0.91,500,1.0,79.70334,88.6
2,60000,75,0.0075,0.94,500,1.0,72.22834,86.799995
2,60000,75,0.0025,0.96,500,1.0,76.348335,86.4
2,60000,75,0.0025,0.95,500,1.0,77.731674,87.2
2,60000,75,0.005,0.98,500,1.0,61.198338,79.0
2,60000,75,0.01,0.94,500,1.0,70.14167,86.6
2,60000,75,0.0075,0.97,500,1.0,61.840004,82.8
2,60000,75,0.01,0.98,500,1.0,48.631664,74.8
2,60000,75,0.01,0.97,500,1.0,57.708332,82.4
2,60000,75,0.01,0.95,500,1.0,67.38,86.0
2,60000,75,0.01,0.96,500,1.0,63.443333,85.0
2,60000,75,0.0075,0.98,500,1.0,54.138332,75.2
2,60000,75,0.01,0.93,500,1.0,72.168335,86.6
3,60000,25,0.001,0.92,500,1.0,78.335,84.2
2,60000,75,0.0075,0.92,500,1.0,74.81333,87.6
3,60000,25,0.001,0.94,500,1.0,78.665,85.0
3,60000,25,0.001,0.91,500,1.0,78.145004,84.4
2,60000,75,0.01,0.91,500,1.0,74.520004,87.2
2,60000,75,0.0075,0.93,500,1.0,73.85999,86.6
3,60000,25,0.001,0.95,500,1.0,78.71333,85.399994
3,60000,25,0.001,0.98,500,1.0,77.76667,85.2
2,60000,75,0.005,0.97,500,1.0,67.221664,82.6
3,60000,25,0.001,0.96,500,1.0,78.69001,86.2
3,60000,25,0.001,0.97,500,1.0,78.26,85.2
3,60000,25,0.0025,0.92,500,1.0,80.14167,86.0
3,60000,25,0.0025,0.93,500,1.0,80.17,85.799995
3,60000,25,0.0025,0.91,500,1.0,80.135,86.0
3,60000,25,0.0025,0.96,500,1.0,79.70167,87.2
3,60000,25,0.001,0.93,500,1.0,78.44001,84.6
3,60000,25,0.0025,0.95,500,1.0,79.840004,86.799995
3,60000,25,0.0025,0.94,500,1.0,80.19833,86.4
3,60000,25,0.005,0.91,500,1.0,80.4,86.4
3,60000,25,0.0025,0.98,500,1.0,77.59834,84.799995
3,60000,25,0.005,0.92,500,1.0,80.284996,86.0
3,60000,25,0.0025,0.97,500,1.0,78.740005,86.2
3,60000,25,0.0075,0.92,500,1.0,79.420006,86.4
3,60000,25,0.005,0.94,500,1.0,79.745,86.4
3,60000,25,0.005,0.93,500,1.0,80.14666,86.0
3,60000,25,0.005,0.96,500,1.0,78.29666,85.6
2,60000,75,0.0075,0.95,500,1.0,70.12667,87.2
2,60000,75,0.005,0.96,500,1.0,71.23333,86.2
3,60000,25,0.0075,0.91,500,1.0,79.76833,86.2
3,60000,25,0.005,0.98,500,1.0,74.13333,84.0
3,60000,25,0.005,0.97,500,1.0,76.96834,85.6
3,60000,25,0.0075,0.93,500,1.0,79.2,87.4
3,60000,25,0.0075,0.95,500,1.0,77.78833,86.799995
3,60000,25,0.0075,0.96,500,1.0,76.46667,87.4
3,60000,25,0.0075,0.97,500,1.0,74.496666,85.799995
3,60000,25,0.01,0.91,500,1.0,78.97834,85.6
3,60000,25,0.0075,0.98,500,1.0,70.81501,84.2
3,60000,25,0.01,0.92,500,1.0,78.72834,87.8
3,60000,25,0.005,0.95,500,1.0,79.29666,87.2
3,60000,25,0.01,0.94,500,1.0,77.34334,86.4
3,60000,25,0.0075,0.94,500,1.0,78.80167,87.0
3,60000,25,0.01,0.95,500,1.0,76.25833,86.6
3,60000,25,0.01,0.93,500,1.0,78.166664,86.4
3,60000,25,0.01,0.96,500,1.0,74.34,86.4
3,60000,25,0.01,0.98,500,1.0,67.67,83.0
3,60000,25,0.01,0.97,500,1.0,71.740005,85.2
2,60000,100,0.001,0.91,500,1.0,80.73,88.0
2,60000,100,0.001,0.92,500,1.0,80.595,87.0
2,60000,100,0.001,0.94,500,1.0,80.15833,88.0
2,60000,100,0.0025,0.93,500,1.0,78.134995,87.4
2,60000,100,0.001,0.95,500,1.0,79.56833,87.8
2,60000,100,0.0025,0.91,500,1.0,79.15667,88.4
2,60000,100,0.001,0.97,500,1.0,77.56333,85.6
2,60000,100,0.001,0.96,500,1.0,78.89001,87.2
2,60000,100,0.0025,0.96,500,1.0,74.31167,86.4
2,60000,100,0.0025,0.97,500,1.0,71.66333,83.8
2,60000,100,0.0025,0.95,500,1.0,76.07166,87.2
2,60000,100,0.0025,0.92,500,1.0,78.68834,87.4
2,60000,100,0.005,0.94,500,1.0,73.04001,86.799995
2,60000,100,0.001,0.98,500,1.0,75.52333,85.2
2,60000,100,0.001,0.93,500,1.0,80.49,87.6
2,60000,100,0.0025,0.94,500,1.0,77.146675,87.4
2,60000,100,0.005,0.97,500,1.0,63.173332,82.4
2,60000,100,0.0025,0.98,500,1.0,67.111664,79.4
2,60000,100,0.005,0.93,500,1.0,74.57667,86.6
2,60000,100,0.005,0.91,500,1.0,76.259995,88.6
2,60000,100,0.005,0.95,500,1.0,71.04333,86.4
2,60000,100,0.0075,0.91,500,1.0,74.29833,87.8
2,60000,100,0.0075,0.92,500,1.0,73.20334,86.6
2,60000,100,0.005,0.96,500,1.0,68.18667,85.0
2,60000,100,0.005,0.92,500,1.0,75.520004,87.2
2,60000,100,0.005,0.98,500,1.0,56.054996,76.0
3,60000,50,0.001,0.96,500,1.0,79.47834,87.6
3,60000,50,0.0025,0.92,500,1.0,80.285,86.0
3,60000,50,0.001,0.93,500,1.0,79.96667,85.6
3,60000,50,0.0025,0.91,500,1.0,80.33667,86.0
3,60000,50,0.001,0.91,500,1.0,79.85167,86.2
3,60000,50,0.0025,0.93,500,1.0,79.88333,87.2
3,60000,50,0.001,0.97,500,1.0,78.79833,86.4
3,60000,50,0.001,0.94,500,1.0,79.886665,86.6
3,60000,50,0.0025,0.96,500,1.0,78.15166,86.6
3,60000,50,0.0025,0.97,500,1.0,76.659996,85.399994
3,60000,50,0.005,0.91,500,1.0,78.87667,85.6
3,60000,50,0.0025,0.98,500,1.0,74.11167,83.8
3,60000,50,0.0025,0.95,500,1.0,79.204994,86.799995
3,60000,50,0.001,0.92,500,1.0,79.93166,86.0
3,60000,50,0.005,0.93,500,1.0,77.925,86.4
3,60000,50,0.005,0.92,500,1.0,78.475,85.799995
3,60000,50,0.001,0.95,500,1.0,79.848335,86.4
3,60000,50,0.005,0.94,500,1.0,77.096664,86.6
3,60000,50,0.005,0.98,500,1.0,67.29833,82.4
3,60000,50,0.0025,0.94,500,1.0,79.62667,86.4
3,60000,50,0.005,0.95,500,1.0,76.06333,86.0
3,60000,50,0.0075,0.91,500,1.0,77.471664,85.399994
2,60000,100,0.0075,0.93,500,1.0,71.73333,86.799995
3,60000,50,0.001,0.98,500,1.0,77.775,84.799995
2,60000,100,0.0075,0.94,500,1.0,70.020004,86.2
2,60000,100,0.0075,0.95,500,1.0,67.085,87.4
2,60000,100,0.0075,0.96,500,1.0,63.40333,84.2
2,60000,100,0.01,0.95,500,1.0,64.34167,86.6
3,60000,50,0.005,0.97,500,1.0,71.503334,85.0
3,60000,50,0.005,0.96,500,1.0,74.33167,86.0
2,60000,100,0.0075,0.98,500,1.0,48.239998,72.6
2,60000,100,0.01,0.92,500,1.0,71.36333,87.0
2,60000,100,0.01,0.91,500,1.0,72.57666,86.0
3,60000,50,0.0075,0.93,500,1.0,75.87833,87.4
2,60000,100,0.01,0.94,500,1.0,67.666664,86.6
2,60000,100,0.0075,0.97,500,1.0,57.458332,81.4
3,60000,50,0.0075,0.92,500,1.0,76.98833,86.2
2,60000,100,0.01,0.97,500,1.0,52.693336,81.6
4,60000,10,0.001,0.92,500,1.0,75.471664,81.0
4,60000,10,0.001,0.91,500,1.0,75.14833,80.8
4,60000,10,0.001,0.93,500,1.0,75.8,81.2
4,60000,10,0.001,0.95,500,1.0,76.36333,82.8
4,60000,10,0.001,0.97,500,1.0,76.78834,84.6
3,60000,50,0.01,0.93,500,1.0,74.33167,86.6
4,60000,10,0.001,0.94,500,1.0,76.07667,82.0
4,60000,10,0.001,0.96,500,1.0,76.67166,83.8
4,60000,10,0.001,0.98,500,1.0,76.70334,84.2
2,60000,100,0.01,0.96,500,1.0,59.875,84.2
3,60000,50,0.01,0.95,500,1.0,70.93834,87.2
4,60000,10,0.0025,0.91,500,1.0,78.99333,84.799995
4,60000,10,0.0025,0.93,500,1.0,79.23833,85.2
3,60000,50,0.0075,0.96,500,1.0,70.96667,86.0
4,60000,10,0.0025,0.92,500,1.0,79.16167,85.799995
4,60000,10,0.0025,0.95,500,1.0,79.30666,86.2
4,60000,10,0.0025,0.94,500,1.0,79.22334,85.799995
3,60000,50,0.01,0.91,500,1.0,76.15666,86.2
3,60000,50,0.0075,0.98,500,1.0,61.31,80.6
3,60000,50,0.01,0.92,500,1.0,75.39167,86.6
3,60000,50,0.01,0.94,500,1.0,72.973335,86.6
3,60000,50,0.0075,0.94,500,1.0,74.855,86.799995
3,60000,50,0.0075,0.95,500,1.0,73.28167,86.799995
3,60000,50,0.0075,0.97,500,1.0,67.14833,85.399994
3,60000,50,0.01,0.97,500,1.0,63.489998,84.0
4,60000,10,0.0025,0.97,500,1.0,78.925,86.2
3,60000,50,0.01,0.96,500,1.0,68.118324,86.4
4,60000,10,0.0025,0.96,500,1.0,79.22,86.2
4,60000,10,0.0025,0.98,500,1.0,78.396675,85.399994
4,60000,10,0.005,0.92,500,1.0,80.53166,87.8
2,60000,100,0.01,0.98,500,1.0,41.933334,69.2
4,60000,10,0.005,0.94,500,1.0,80.49,87.2
4,60000,10,0.005,0.93,500,1.0,80.51167,87.6
4,60000,10,0.005,0.91,500,1.0,80.38333,87.2
4,60000,10,0.005,0.95,500,1.0,80.30999,87.2
4,60000,10,0.005,0.96,500,1.0,80.02666,87.0
4,60000,10,0.005,0.97,500,1.0,79.23667,86.6
3,60000,50,0.01,0.98,500,1.0,55.895004,77.200005
4,60000,10,0.0075,0.91,500,1.0,80.77166,86.2
4,60000,10,0.005,0.98,500,1.0,78.26167,87.0
4,60000,10,0.0075,0.93,500,1.0,80.76333,87.4
4,60000,10,0.0075,0.92,500,1.0,80.84,87.2
2,60000,100,0.01,0.93,500,1.0,69.743324,86.799995
4,60000,10,0.0075,0.95,500,1.0,80.22,87.0
4,60000,10,0.0075,0.96,500,1.0,79.72334,87.6
4,60000,10,0.0075,0.94,500,1.0,80.595,87.6
4,60000,10,0.0075,0.97,500,1.0,78.90333,87.2
4,60000,10,0.0075,0.98,500,1.0,77.47,86.2
4,60000,10,0.01,0.91,500,1.0,80.845,87.6
4,60000,10,0.01,0.96,500,1.0,79.238335,88.4
4,60000,10,0.01,0.93,500,1.0,80.68167,87.4
4,60000,10,0.01,0.94,500,1.0,80.33499,87.2
4,60000,10,0.01,0.92,500,1.0,80.755005,87.0
4,60000,10,0.01,0.97,500,1.0,78.165,87.8
4,60000,10,0.01,0.98,500,1.0,76.20166,85.799995
4,60000,10,0.01,0.95,500,1.0,80.06166,89.0
3,60000,75,0.001,0.95,500,1.0,79.8,86.2
3,60000,75,0.001,0.91,500,1.0,80.175,86.6
3,60000,75,0.001,0.93,500,1.0,80.20667,85.799995
3,60000,75,0.0025,0.96,500,1.0,76.183334,86.4
4,60000,25,0.0025,0.95,500,1.0,80.33833,87.0
3,60000,75,0.005,0.94,500,1.0,75.11666,86.6
4,60000,25,0.001,0.91,500,1.0,79.01833,84.6
3,60000,75,0.001,0.97,500,1.0,78.38333,86.799995
4,60000,25,0.0025,0.96,500,1.0,79.83667,87.0
4,60000,25,0.0025,0.92,500,1.0,80.57834,87.2
4,60000,25,0.001,0.96,500,1.0,78.95334,87.2
4,60000,25,0.001,0.97,500,1.0,78.68,86.2
4,60000,25,0.001,0.93,500,1.0,79.00833,85.0
3,60000,75,0.005,0.92,500,1.0,76.753334,86.6
4,60000,25,0.0025,0.91,500,1.0,80.683334,86.799995
3,60000,75,0.0025,0.98,500,1.0,70.44666,83.0
3,60000,75,0.0025,0.92,500,1.0,79.40166,87.0
4,60000,25,0.0025,0.93,500,1.0,80.49333,86.799995
3,60000,75,0.0025,0.95,500,1.0,77.455,86.0
3,60000,75,0.0025,0.94,500,1.0,78.590004,87.2
4,60000,25,0.001,0.92,500,1.0,79.034996,85.799995
3,60000,75,0.001,0.92,500,1.0,80.13,86.2
4,60000,25,0.001,0.94,500,1.0,79.11333,85.6
3,60000,75,0.0025,0.93,500,1.0,79.10167,87.4
3,60000,75,0.005,0.95,500,1.0,73.365005,86.2
3,60000,75,0.0025,0.91,500,1.0,79.57834,85.6
3,60000,75,0.0075,0.91,500,1.0,75.40667,86.2
3,60000,75,0.001,0.94,500,1.0,80.24333,86.799995
4,60000,25,0.005,0.91,500,1.0,80.64666,88.0
4,60000,25,0.001,0.95,500,1.0,79.175,86.0
4,60000,25,0.001,0.98,500,1.0,78.058334,85.6
3,60000,75,0.005,0.93,500,1.0,76.01167,85.799995
4,60000,25,0.0025,0.94,500,1.0,80.439995,87.6
3,60000,75,0.01,0.92,500,1.0,72.901665,86.2
3,60000,75,0.005,0.91,500,1.0,77.271675,85.799995
3,60000,75,0.0075,0.96,500,1.0,66.675,86.2
3,60000,75,0.0075,0.94,500,1.0,71.979996,86.0
3,60000,75,0.0075,0.95,500,1.0,70.01833,86.6
4,60000,25,0.0075,0.92,500,1.0,79.71834,87.2
3,60000,75,0.0075,0.92,500,1.0,74.618324,86.799995
3,60000,75,0.01,0.93,500,1.0,71.66,86.6
4,60000,25,0.005,0.92,500,1.0,80.365,87.4
4,60000,25,0.0025,0.97,500,1.0,78.90166,87.2
4,60000,25,0.005,0.98,500,1.0,74.26667,85.2
3,60000,75,0.0075,0.93,500,1.0,73.55334,86.0
4,60000,25,0.0075,0.93,500,1.0,79.39167,87.0
3,60000,75,0.005,0.96,500,1.0,70.70999,86.0
4,60000,25,0.005,0.96,500,1.0,78.49,88.0
4,60000,25,0.005,0.94,500,1.0,79.73999,87.6
3,60000,75,0.001,0.98,500,1.0,77.00166,85.399994
4,60000,25,0.0075,0.91,500,1.0,79.67834,87.2
3,60000,75,0.01,0.98,500,1.0,47.856667,73.0
4,60000,25,0.0075,0.95,500,1.0,77.96667,88.8
4,60000,25,0.0075,0.96,500,1.0,76.64,88.4
4,60000,25,0.01,0.92,500,1.0,78.81167,87.2
4,60000,25,0.0075,0.94,500,1.0,78.78833,88.8
3,60000,75,0.01,0.91,500,1.0,73.86,86.6
3,60000,75,0.0075,0.98,500,1.0,53.746662,77.0
4,60000,25,0.01,0.91,500,1.0,78.96834,87.2
4,60000,25,0.0025,0.98,500,1.0,77.691666,86.2
4,60000,25,0.01,0.93,500,1.0,78.32834,87.8
4,60000,25,0.0075,0.97,500,1.0,74.43833,87.4
4,60000,25,0.005,0.95,500,1.0,79.345,87.6
3,60000,75,0.0025,0.97,500,1.0,73.99833,84.799995
4,60000,25,0.01,0.95,500,1.0,76.43166,88.200005
4,60000,25,0.0075,0.98,500,1.0,70.93167,83.0
3,60000,75,0.01,0.94,500,1.0,69.56333,86.2
3,60000,75,0.01,0.97,500,1.0,57.13,83.600006
4,60000,25,0.005,0.97,500,1.0,76.75167,88.200005
4,60000,25,0.01,0.97,500,1.0,72.025,86.0
4,60000,25,0.01,0.94,500,1.0,77.535,87.4
3,60000,75,0.0075,0.97,500,1.0,61.506664,84.6
3,60000,75,0.01,0.96,500,1.0,63.2,85.0
3,60000,75,0.01,0.95,500,1.0,67.185005,87.6
3,60000,75,0.001,0.96,500,1.0,79.30334,87.6
4,60000,25,0.01,0.98,500,1.0,67.90833,81.2
3,60000,75,0.005,0.98,500,1.0,61.14,79.6
4,60000,25,0.005,0.93,500,1.0,80.185005,87.2
4,60000,25,0.01,0.96,500,1.0,74.60334,87.4
3,60000,75,0.005,0.97,500,1.0,67.14833,84.6
3,60000,100,0.001,0.95,500,1.0,79.625,87.2
3,60000,100,0.001,0.92,500,1.0,80.36667,86.0
3,60000,100,0.001,0.97,500,1.0,77.628334,85.799995
3,60000,100,0.0025,0.93,500,1.0,78.055,86.6
3,60000,100,0.001,0.91,500,1.0,80.38333,86.799995
3,60000,100,0.0025,0.91,500,1.0,78.78333,85.6
3,60000,100,0.001,0.93,500,1.0,80.175,85.2
3,60000,100,0.0025,0.95,500,1.0,75.805,85.799995
3,60000,100,0.0025,0.94,500,1.0,77.06834,87.2
4,60000,50,0.0025,0.92,500,1.0,80.385,86.6
3,60000,100,0.0025,0.96,500,1.0,74.115,86.0
3,60000,100,0.005,0.97,500,1.0,63.204998,83.8
4,60000,50,0.001,0.94,500,1.0,80.284996,86.799995
4,60000,50,0.001,0.95,500,1.0,79.98667,87.0
4,60000,50,0.001,0.97,500,1.0,78.965004,87.6
3,60000,100,0.0025,0.92,500,1.0,78.441666,86.4
3,60000,100,0.005,0.92,500,1.0,75.19334,85.799995
4,60000,50,0.0025,0.93,500,1.0,80.01667,87.6
3,60000,100,0.005,0.93,500,1.0,74.25833,86.4
4,60000,50,0.001,0.91,500,1.0,80.378334,87.0
3,60000,100,0.001,0.98,500,1.0,75.53,84.6
3,60000,100,0.001,0.94,500,1.0,80.09499,86.6
4,60000,50,0.0025,0.91,500,1.0,80.403336,87.0
3,60000,100,0.005,0.95,500,1.0,70.82166,87.6
3,60000,100,0.005,0.94,500,1.0,72.740005,87.0
4,60000,50,0.005,0.91,500,1.0,78.97834,87.4
4,60000,50,0.001,0.92,500,1.0,80.403336,86.799995
4,60000,50,0.005,0.93,500,1.0,78.33667,87.2
3,60000,100,0.0025,0.97,500,1.0,71.403336,85.799995
4,60000,50,0.001,0.96,500,1.0,79.655,87.0
4,60000,50,0.005,0.97,500,1.0,71.695,86.0
3,60000,100,0.001,0.96,500,1.0,78.875,87.0
4,60000,50,0.0075,0.93,500,1.0,76.348335,88.200005
4,60000,50,0.0075,0.95,500,1.0,73.69499,86.6
4,60000,50,0.005,0.92,500,1.0,78.57666,86.4
4,60000,50,0.0025,0.97,500,1.0,76.985,87.8
4,60000,50,0.0075,0.92,500,1.0,77.05999,88.0
4,60000,50,0.005,0.94,500,1.0,77.30334,88.200005
4,60000,50,0.0025,0.98,500,1.0,74.15667,84.2
4,60000,50,0.0025,0.96,500,1.0,78.33833,87.8
3,60000,100,0.0025,0.98,500,1.0,66.831665,81.4
4,60000,50,0.0075,0.96,500,1.0,71.191666,86.799995
3,60000,100,0.005,0.91,500,1.0,76.066666,85.799995
4,60000,50,0.005,0.95,500,1.0,76.24834,88.0
4,60000,50,0.0075,0.91,500,1.0,77.666664,87.2
4,60000,50,0.0025,0.95,500,1.0,79.30334,87.6
3,60000,100,0.005,0.96,500,1.0,67.81167,85.799995
4,60000,50,0.005,0.96,500,1.0,74.415,87.2
4,60000,50,0.0075,0.98,500,1.0,61.40167,79.6
3,60000,100,0.005,0.98,500,1.0,55.428333,77.8
4,60000,50,0.01,0.93,500,1.0,74.62167,87.6
4,60000,50,0.01,0.94,500,1.0,73.275,88.6
4,60000,50,0.0075,0.94,500,1.0,75.24333,87.4
4,60000,50,0.01,0.95,500,1.0,71.27334,87.6
4,60000,50,0.01,0.98,500,1.0,56.366665,75.4
4,60000,50,0.01,0.91,500,1.0,76.36167,87.2
4,60000,50,0.01,0.92,500,1.0,75.80667,88.8
4,60000,50,0.01,0.96,500,1.0,68.28834,85.799995
3,60000,100,0.0075,0.92,500,1.0,73.066666,86.0
4,60000,50,0.001,0.98,500,1.0,77.863335,85.0
4,60000,50,0.0075,0.97,500,1.0,67.473335,85.399994
3,60000,100,0.0075,0.91,500,1.0,73.75834,86.4
4,60000,50,0.0025,0.94,500,1.0,79.89001,87.6
4,60000,50,0.01,0.97,500,1.0,63.785,81.8
4,60000,50,0.001,0.93,500,1.0,80.285,87.6
4,60000,50,0.005,0.98,500,1.0,67.276665,80.8
3,60000,100,0.0075,0.93,500,1.0,71.235,86.4
3,60000,100,0.0075,0.94,500,1.0,69.47834,86.4
3,60000,100,0.0075,0.95,500,1.0,66.793335,87.4
3,60000,100,0.0075,0.96,500,1.0,63.02667,85.2
3,60000,100,0.01,0.93,500,1.0,69.238335,86.799995
3,60000,100,0.01,0.92,500,1.0,70.905,86.2
3,60000,100,0.01,0.91,500,1.0,72.175,86.0
3,60000,100,0.0075,0.97,500,1.0,57.108334,82.200005
3,60000,100,0.0075,0.98,500,1.0,47.663334,74.2
3,60000,100,0.01,0.95,500,1.0,64.066666,87.4
3,60000,100,0.01,0.97,500,1.0,52.34,81.0
3,60000,100,0.01,0.96,500,1.0,59.364998,84.0
4,60000,75,0.0025,0.93,500,1.0,79.22334,87.0
4,60000,75,0.0025,0.94,500,1.0,78.621666,87.6
4,60000,75,0.001,0.92,500,1.0,80.54001,87.0
4,60000,75,0.001,0.94,500,1.0,80.325,86.4
4,60000,75,0.001,0.91,500,1.0,80.48167,86.799995
4,60000,75,0.001,0.95,500,1.0,80.03833,86.799995
4,60000,75,0.001,0.93,500,1.0,80.40833,87.4
4,60000,75,0.0025,0.96,500,1.0,76.259995,87.6
4,60000,75,0.0025,0.91,500,1.0,79.60334,87.0
4,60000,75,0.0025,0.98,500,1.0,70.57333,83.4
4,60000,75,0.001,0.97,500,1.0,78.543335,87.2
3,60000,100,0.01,0.98,500,1.0,41.8,71.8
4,60000,75,0.005,0.92,500,1.0,76.9,87.0
4,60000,75,0.0025,0.92,500,1.0,79.55,87.4
4,60000,75,0.005,0.95,500,1.0,73.54833,87.0
4,60000,75,0.0025,0.97,500,1.0,74.25667,86.4
4,60000,75,0.005,0.91,500,1.0,77.691666,87.2
4,60000,75,0.005,0.94,500,1.0,75.03,87.0
4,60000,75,0.0025,0.95,500,1.0,77.66501,87.6
3,60000,100,0.01,0.94,500,1.0,67.04,87.2
4,60000,75,0.001,0.98,500,1.0,77.05501,86.4
4,60000,75,0.0075,0.92,500,1.0,74.901665,87.8
4,60000,75,0.0075,0.91,500,1.0,75.708336,87.4
4,60000,75,0.005,0.96,500,1.0,70.94833,87.0
4,60000,75,0.005,0.98,500,1.0,61.235004,79.2
4,60000,75,0.0075,0.93,500,1.0,73.80667,87.6
4,60000,75,0.005,0.97,500,1.0,67.136665,85.399994
4,60000,75,0.0075,0.94,500,1.0,72.25166,87.6
4,60000,75,0.001,0.96,500,1.0,79.40833,87.6
4,60000,75,0.005,0.93,500,1.0,76.13833,88.200005
4,60000,75,0.0075,0.96,500,1.0,66.845,85.799995
4,60000,75,0.01,0.91,500,1.0,74.22667,87.4
4,60000,75,0.01,0.92,500,1.0,73.01833,87.2
4,60000,75,0.01,0.93,500,1.0,71.67834,88.0
4,60000,75,0.01,0.94,500,1.0,70.00833,88.4
4,60000,75,0.0075,0.97,500,1.0,61.685,83.0
4,60000,75,0.01,0.95,500,1.0,67.26667,87.2
4,60000,75,0.0075,0.98,500,1.0,53.719997,75.2
4,60000,75,0.01,0.96,500,1.0,63.340004,85.2
4,60000,75,0.01,0.97,500,1.0,57.44833,81.0
4,60000,75,0.01,0.98,500,1.0,47.853333,73.0
4,60000,75,0.0075,0.95,500,1.0,70.14333,87.4
4,60000,100,0.001,0.91,500,1.0,80.619995,86.6
4,60000,100,0.001,0.96,500,1.0,79.028336,87.2
4,60000,100,0.005,0.98,500,1.0,55.76333,76.4
4,60000,100,0.0025,0.94,500,1.0,77.381676,88.0
4,60000,100,0.001,0.94,500,1.0,80.145004,87.2
4,60000,100,0.001,0.97,500,1.0,77.78333,86.2
4,60000,100,0.0025,0.91,500,1.0,78.96166,86.799995
4,60000,100,0.001,0.95,500,1.0,79.76167,88.0
4,60000,100,0.0025,0.98,500,1.0,67.081665,82.0
4,60000,100,0.0025,0.93,500,1.0,78.05334,87.8
4,60000,100,0.0025,0.92,500,1.0,78.59,87.2
4,60000,100,0.0075,0.91,500,1.0,74.246666,88.0
4,60000,100,0.005,0.91,500,1.0,76.145,87.0
4,60000,100,0.005,0.94,500,1.0,72.92333,88.0
4,60000,100,0.001,0.98,500,1.0,75.62,85.799995
4,60000,100,0.005,0.95,500,1.0,71.079994,87.6
4,60000,100,0.0025,0.97,500,1.0,71.6,85.2
4,60000,100,0.0075,0.96,500,1.0,63.201668,85.0
4,60000,100,0.0025,0.95,500,1.0,76.23499,87.6
4,60000,100,0.005,0.93,500,1.0,74.4,87.4
4,60000,100,0.0025,0.96,500,1.0,74.423325,87.2
4,60000,100,0.01,0.92,500,1.0,71.23833,87.6
4,60000,100,0.0075,0.98,500,1.0,47.841667,73.0
4,60000,100,0.005,0.97,500,1.0,63.305,83.200005
4,60000,100,0.01,0.95,500,1.0,64.276665,86.799995
4,60000,100,0.0075,0.92,500,1.0,73.156654,87.8
4,60000,100,0.01,0.93,500,1.0,69.71333,87.4
4,60000,100,0.0075,0.95,500,1.0,66.958336,87.8
4,60000,100,0.01,0.96,500,1.0,59.45667,83.600006
4,60000,100,0.01,0.94,500,1.0,67.425,87.2
4,60000,100,0.0075,0.94,500,1.0,69.9,87.2
4,60000,100,0.005,0.96,500,1.0,68.096664,86.6
4,60000,100,0.0075,0.93,500,1.0,71.488335,87.8
4,60000,100,0.005,0.92,500,1.0,75.34167,87.8
4,60000,100,0.001,0.92,500,1.0,80.505005,87.0
4,60000,100,0.01,0.97,500,1.0,52.51333,80.4
4,60000,100,0.001,0.93,500,1.0,80.495,87.4
4,60000,100,0.01,0.98,500,1.0,41.818336,70.4
4,60000,100,0.0075,0.97,500,1.0,57.179996,82.0
4,60000,100,0.01,0.91,500,1.0,72.55667,87.6
