seed,n_train,time,lr,lr_decay,update_interval,wmin,wmax,norm,mean_accuracy,max_accuracy
0,60000,10,0.05,0.9,-10.0,0.1,50.0,500,22.682001,39.0
0,60000,10,0.05,0.99,-10.0,1.0,50.0,500,9.974,13.0
0,60000,10,0.001,0.9,-10.0,1.0,250.0,500,30.701998,39.399998
0,60000,10,0.001,0.95,-10.0,0.1,100.0,500,29.827997,37.4
0,60000,10,0.001,0.95,-1.0,0.1,100.0,500,29.816002,39.6
0,60000,10,0.001,0.95,-1.0,0.1,250.0,500,29.404001,40.2
0,60000,10,0.001,0.95,-1.0,1.0,50.0,500,29.086,38.4
0,60000,10,0.001,0.95,-10.0,1.0,250.0,500,29.526,39.399998
0,60000,10,0.001,0.95,-1.0,1.0,100.0,500,29.895998,38.800003
0,60000,10,0.05,0.9,-0.1,1.0,100.0,500,24.092,38.600002
0,60000,10,0.001,0.99,-1.0,1.0,250.0,500,24.840002,30.4
0,60000,10,0.05,0.9,-1.0,1.0,100.0,500,24.414001,39.2
0,60000,10,0.05,0.9,-1.0,10.0,100.0,500,24.231997,40.4
0,60000,10,0.001,0.9,-10.0,10.0,250.0,500,30.097998,37.6
0,60000,10,0.001,0.95,-1.0,10.0,50.0,500,28.88,38.4
0,60000,10,0.001,0.9,-0.1,0.1,50.0,500,31.659998,38.0
0,60000,10,0.05,0.95,-1.0,0.1,50.0,500,13.165999,27.4
0,60000,10,0.001,0.9,-10.0,0.1,50.0,500,31.734,39.2
0,60000,10,0.001,0.95,-10.0,1.0,50.0,500,28.91,40.8
0,60000,10,0.001,0.9,-0.1,1.0,50.0,500,31.73,39.8
0,60000,10,0.001,0.95,-1.0,10.0,100.0,500,29.702,38.2
0,60000,10,0.001,0.9,-10.0,1.0,50.0,500,31.772,39.6
0,60000,10,0.001,0.9,-10.0,10.0,100.0,500,31.676003,40.0
0,60000,10,0.001,0.9,-1.0,1.0,50.0,500,31.782,38.600002
0,60000,10,0.001,0.9,-1.0,10.0,50.0,500,31.834,38.4
0,60000,10,0.001,0.95,-10.0,0.1,50.0,500,28.97,38.600002
0,60000,10,0.001,0.9,-0.1,10.0,50.0,500,31.716002,38.600002
0,60000,10,0.001,0.95,-10.0,0.1,250.0,500,29.606,37.6
0,60000,10,0.001,0.9,-10.0,0.1,250.0,500,30.631996,37.8
0,60000,10,0.001,0.9,-10.0,0.1,100.0,500,32.12,39.8
0,60000,10,0.001,0.95,-1.0,0.1,50.0,500,28.873999,38.600002
0,60000,10,0.001,0.95,-10.0,10.0,50.0,500,28.8,38.600002
0,60000,10,0.001,0.9,-1.0,1.0,250.0,500,30.153997,37.0
0,60000,10,0.001,0.9,-0.1,0.1,100.0,500,31.853998,38.800003
0,60000,10,0.001,0.9,-0.1,1.0,250.0,500,30.383997,38.4
0,60000,10,0.001,0.9,-1.0,0.1,250.0,500,30.519997,37.6
0,60000,10,0.001,0.9,-0.1,1.0,100.0,500,31.878,40.6
0,60000,10,0.001,0.9,-1.0,0.1,100.0,500,32.118,39.6
0,60000,10,0.001,0.9,-10.0,1.0,100.0,500,31.92,41.0
0,60000,10,0.001,0.9,-10.0,10.0,50.0,500,31.778,39.2
0,60000,10,0.001,0.95,-10.0,1.0,100.0,500,29.749998,37.8
0,60000,10,0.001,0.9,-0.1,0.1,250.0,500,28.450003,35.0
0,60000,10,0.001,0.9,-0.1,10.0,100.0,500,31.824001,38.4
0,60000,10,0.001,0.9,-1.0,0.1,50.0,500,31.564,39.399998
0,60000,10,0.001,0.95,-1.0,10.0,250.0,500,29.403997,39.8
0,60000,10,0.001,0.9,-0.1,10.0,250.0,500,30.645998,38.0
0,60000,10,0.05,0.9,-10.0,0.1,50.0,500,22.682001,39.0
0,60000,10,0.001,0.95,-10.0,10.0,100.0,500,29.85,39.2
0,60000,10,0.001,0.99,-0.1,10.0,100.0,500,23.282001,29.199999
0,60000,10,0.001,0.9,-1.0,10.0,100.0,500,31.826,38.0
0,60000,10,0.01,0.9,-0.1,0.1,50.0,500,26.698,39.2
0,60000,10,0.001,0.99,-0.1,10.0,250.0,500,24.750002,30.8
0,60000,10,0.05,0.9,-10.0,0.1,100.0,500,24.196,38.800003
0,60000,10,0.05,0.9,-10.0,1.0,100.0,500,24.414001,39.2
0,60000,10,0.05,0.9,-0.1,1.0,50.0,500,22.958,40.6
0,60000,10,0.05,0.9,-10.0,10.0,100.0,500,24.414001,39.2
0,60000,10,0.001,0.9,-1.0,10.0,250.0,500,30.63,37.8
0,60000,10,0.05,0.9,-10.0,10.0,250.0,500,27.006,39.8
0,60000,10,0.001,0.99,-1.0,0.1,50.0,500,19.636002,25.400002
0,60000,10,0.001,0.99,-1.0,0.1,100.0,500,23.282,28.8
0,60000,10,0.05,0.95,-1.0,1.0,250.0,500,18.87,34.0
0,60000,10,0.05,0.9,-1.0,10.0,50.0,500,22.846,40.6
0,60000,10,0.001,0.95,-0.1,0.1,100.0,500,29.71,37.2
0,60000,10,0.001,0.9,-1.0,1.0,100.0,500,31.870003,39.0
0,60000,10,0.05,0.9,-10.0,1.0,250.0,500,27.006,39.8
0,60000,10,0.05,0.9,-0.1,0.1,250.0,500,25.485998,37.6
0,60000,10,0.05,0.9,-10.0,0.1,250.0,500,26.569998,38.600002
0,60000,10,0.05,0.95,-0.1,0.1,50.0,500,13.052001,25.2
0,60000,10,0.05,0.9,-1.0,1.0,50.0,500,22.768,40.2
0,60000,10,0.05,0.99,-1.0,0.1,50.0,500,9.974,13.0
0,60000,10,0.001,0.95,-1.0,1.0,250.0,500,28.963999,38.4
0,60000,10,0.01,0.99,-1.0,1.0,100.0,500,11.212,14.599999
0,60000,10,0.05,0.99,-10.0,0.1,50.0,500,9.974,13.0
0,60000,10,0.05,0.9,-1.0,0.1,100.0,500,24.377998,38.800003
0,60000,10,0.05,0.95,-10.0,0.1,250.0,500,18.558,32.600002
0,60000,10,0.05,0.99,-10.0,1.0,250.0,500,10.082,13.2
0,60000,10,0.05,0.95,-0.1,0.1,100.0,500,15.31,29.199999
0,60000,10,0.05,0.95,-10.0,1.0,250.0,500,18.87,34.0
0,60000,10,0.05,0.9,-1.0,1.0,250.0,500,27.006,39.8
0,60000,10,0.001,0.95,-0.1,10.0,50.0,500,28.925999,39.399998
0,60000,10,0.05,0.9,-0.1,10.0,100.0,500,24.254,40.0
0,60000,10,0.05,0.99,-0.1,0.1,250.0,500,10.082001,13.2
0,60000,10,0.01,0.95,-1.0,0.1,250.0,500,25.478,38.4
0,60000,10,0.001,0.99,-0.1,10.0,50.0,500,19.683998,25.8
0,60000,10,0.05,0.95,-1.0,1.0,50.0,500,13.058,23.800001
0,60000,10,0.05,0.95,-1.0,0.1,250.0,500,18.660002,33.399998
0,60000,10,0.01,0.95,-10.0,10.0,100.0,500,22.007998,37.4
0,60000,10,0.05,0.95,-10.0,10.0,100.0,500,15.332001,30.000002
0,60000,10,0.05,0.9,-10.0,10.0,50.0,500,22.768,40.2
0,60000,10,0.05,0.95,-0.1,10.0,100.0,500,15.288,29.4
0,60000,10,0.01,0.9,-1.0,10.0,250.0,500,30.33,38.600002
0,60000,10,0.01,0.9,-10.0,1.0,100.0,500,28.46,40.6
0,60000,10,0.01,0.9,-1.0,1.0,50.0,500,27.054,41.2
0,60000,10,0.05,0.95,-10.0,0.1,100.0,500,15.16,29.800001
0,60000,10,0.05,0.9,-1.0,0.1,250.0,500,26.315998,38.4
0,60000,10,0.05,0.95,-1.0,1.0,100.0,500,15.332001,30.000002
0,60000,10,0.001,0.99,-1.0,0.1,250.0,500,25.010002,32.600002
0,60000,10,0.05,0.95,-10.0,0.1,50.0,500,13.1380005,24.4
0,60000,10,0.05,0.95,-1.0,10.0,50.0,500,13.088003,24.4
0,60000,10,0.001,0.95,-0.1,1.0,100.0,500,29.857998,38.2
0,60000,10,0.05,0.9,-10.0,1.0,50.0,500,22.768,40.2
0,60000,10,0.01,0.9,-1.0,0.1,250.0,500,30.208002,38.600002
0,60000,10,0.05,0.95,-0.1,10.0,50.0,500,12.978001,24.4
0,60000,10,0.01,0.9,-10.0,0.1,100.0,500,28.505999,39.2
0,60000,10,0.01,0.9,-10.0,10.0,50.0,500,27.054,41.2
0,60000,10,0.001,0.95,-0.1,0.1,50.0,500,28.921999,37.8
0,60000,10,0.001,0.99,-0.1,0.1,50.0,500,19.728,26.199999
0,60000,10,0.01,0.9,-1.0,1.0,250.0,500,30.48,39.2
0,60000,10,0.001,0.99,-0.1,0.1,250.0,500,22.581995,28.400002
0,60000,10,0.05,0.9,-0.1,0.1,50.0,500,23.036001,400,60000,10,0.05,0.95,-10.0,1.0,50.0,500,13.058,23.800001
0,60000,10,0.01,0.9,-1.0,10.0,50.0,500,26.958,41.2
0,60000,10,0.001,0.99,-10.0,0.1,250.0,500,24.992002,30.199999
0,60000,10,0.01,0.9,-0.1,10.0,100.0,500,28.301996,38.600002
0,60000,10,0.001,0.95,-0.1,0.1,250.0,500,27.167997,37.2
0,60000,10,0.01,0.9,-0.1,1.0,50.0,500,26.892002,38.600002
0,60000,10,0.01,0.95,-1.0,1.0,250.0,500,25.706,39.399998
0,60000,10,0.01,0.9,-1.0,1.0,100.0,500,28.488,39.0
0,60000,10,0.001,0.99,-10.0,1.0,250.0,500,25.037998,31.400002
0,60000,10,0.01,0.95,-0.1,1.0,100.0,500,21.883999,36.0
0,60000,10,0.01,0.99,-10.0,0.1,250.0,500,15.372,20.4
0,60000,10,0.01,0.95,-10.0,10.0,50.0,500,18.956,34.6
0,60000,10,0.01,0.9,-10.0,10.0,250.0,500,30.426,40.2
0,60000,10,0.001,0.95,-0.1,1.0,50.0,500,28.915998,38.600002
0,60000,10,0.01,0.9,-0.1,10.0,50.0,500,26.999998,39.399998
0,60000,10,0.01,0.95,-0.1,0.1,100.0,500,21.730003,36.8
0,60000,10,0.01,0.9,-0.1,1.0,100.0,500,28.501999,39.8
0,60000,10,0.01,0.95,-1.0,1.0,50.0,500,18.956,34.6
800001
0,60000,10,0.01,0.9,-1.0,0.1,100.0,500,28.55,40.4
3.2
0,60000,10,0.001,0.99,-10.0,10.0,50.0,500,19.79,26.0
0,60000,10,0.001,0.95,-0.1,10.0,100.0,500,29.736,39.399998
0,60000,10,0.01,0.99,-1.0,10.0,250.0,500,15.609999,21.4
0,60000,10,0.01,0.95,-0.1,1.0,50.0,500,18.943998,34.2
8.8
0,60000,10,0.01,0.9,-10.0,1.0,50.0,500,27.054,41.2
0,60000,10,0.01,0.95,-0.1,10.0,100.0,500,21.798,37.4
0,60000,10,0.01,0.95,-1.0,10.0,50.0,500,18.926,33.8
0,60000,10,0.01,0.9,-0.1,0.1,100.0,500,28.34,39.8

0,60000,10,0.01,0.95,-10.0,0.1,50.0,500,18.912,35.600002

0,60000,10,0.01,0.95,-10.0,0.1,100.0,500,21.754,37.0
00002
0,60000,10,0.01,0.95,-0.1,0.1,50.0,500,18.671999,33.199997
0,60000,10,0.05,0.99,-10.0,10.0,100.0,500,9.976001,13.0
0002
0,60000,10,0.05,0.99,-0.1,1.0,50.0,500,9.974,13.0
0,60000,10,0.01,0.95,-1.0,10.0,100.0,500,21.821999,38.0
0,60000,10,0.01,0.99,-1.0,1.0,250.0,500,15.656,21.8
0,60000,10,0.05,0.95,-0.1,1.0,50.0,500,13.142001,26.199999
2
0,60000,10,0.01,0.9,-1.0,10.0,100.0,500,28.536001,400,60000,10,0.001,0.99,-1.0,10.0,50.0,500,19.77,26.199999
0,60000,10,0.01,0.95,-0.1,0.1,250.0,500,24.459997,37.4
0,60000,10,0.01,0.99,-0.1,1.0,100.0,500,11.256,15.000001
0,60000,10,0.05,0.99,-1.0,1.0,250.0,500,10.082,13.2

0
0,60000,10,0.01,0.9,-10.0,0.1,250.0,500,29.956001,38.60,60000,10,0.01,0.99,-1.0,0.1,100.0,500,11.311999,16.2
0,60000,10,0.05,0.95,-10.0,10.0,50.0,500,13.058,23.800001
0,60000,10,0.001,0.95,-0.1,10.0,250.0,500,29.404,37.6
2
0,60000,10,0.001,0.99,-0.1,0.1,100.0,500,23.106,29.1999990,60000,10,0.01,0.99,-0.1,1.0,250.0,500,15.528002,22.0
0,60000,10,0.05,0.9,-1.0,0.1,50.0,500,22.907997,40.0
0
0,60000,10,0.01,0.99,-1.0,0.1,250.0,500,15.61,20.800001
0,60000,10,0.05,0.99,-10.0,0.1,250.0,500,10.091999,13.2
0,60000,10,0.01,0.95,-1.0,1.0,100.0,500,21.931997,36.399998
0,60000,10,0.01,0.99,-10.0,0.1,100.0,500,11.214001,15.2
0,60000,10,0.05,0.9,-0.1,1.0,250.0,500,26.562,39.399998
0,60000,10,0.01,0.99,-10.0,1.0,50.0,500,10.073999,13.2
0,60000,10,0.01,0.99,-0.1,10.0,250.0,500,15.554002,20.800001
0,60000,10,0.001,0.99,-1.0,10.0,250.0,500,24.716002,30.199999
0,60000,10,0.01,0.99,-1.0,10.0,100.0,500,11.236,15.2
30.8
0,60000,10,0.05,0.99,-1.0,1.0,50.0,500,9.974,13.0
0,60000,10,0.05,0.9,-0.1,10.0,250.0,500,26.592,38.2
0,60000,10,0.01,0.95,-0.1,10.0,50.0,500,18.717999,33.8
0,60000,10,0.001,0.99,-0.1,1.0,50.0,500,19.762001,25.6
0,60000,10,0.05,0.99,-1.0,10.0,100.0,500,9.976001,13.0
0,60000,10,0.05,0.95,-10.0,1.0,100.0,500,15.332001,30.000002
0,60000,10,0.01,0.99,-0.1,0.1,100.0,500,11.13,15.000001
0,60000,10,0.01,0.9,-0.1,10.0,250.0,500,30.196,38.800003
0,60000,10,0.001,0.99,-10.0,0.1,100.0,500,23.081999,29.199999
0,60000,10,0.05,0.95,-0.1,1.0,250.0,500,18.898,31.8
0,60000,10,0.01,0.99,-10.0,10.0,250.0,500,15.407999,20.800001
0,60000,10,0.01,0.99,-10.0,1.0,250.0,500,15.394001,21.4
0,60000,10,0.01,0.99,-0.1,1.0,50.0,500,10.076,13.2
0,60000,10,0.01,0.99,-0.1,10.0,50.0,500,10.076,13.2
0,60000,10,0.05,0.99,-0.1,0.1,50.0,500,9.976001,13.0,60000,10,0.05,0.99,-10.0,10.0,250.0,500,10.082,13.2
0,60000,10,0.01,0.99,-0.1,0.1,50.0,500,10.073999,13.2
0,60000,10,0.05,0.95,-1.0,10.0,250.0,500,18.758001,33.199997
0,60000,10,0.01,0.95,-1.0,10.0,250.0,500,25.963999,41.2
0,60000,10,0.01,0.99,-0.1,0.1,250.0,500,14.586001,20.4
0,60000,10,0.01,0.95,-0.1,1.0,250.0,500,25.67,37.0
0,60000,10,0.05,0.99,-0.1,10.0,250.0,500,10.078,13.20,60000,10,0.01,0.95,-0.1,10.0,250.0,500,25.729998,36.6
0,60000,10,0.01,0.95,-1.0,0.1,100.0,500,21.744001,35.600002
0,60000,10,0.001,0.99,-1.0,1.0,50.0,500,19.574,25.6
0,60000,10,0.001,0.99,-0.1,1.0,100.0,500,23.254002,28.600002
0,60000,10,0.01,0.99,-0.1,10.0,100.0,500,11.186,15.000001
0,60000,10,0.05,0.95,-1.0,0.1,100.0,500,15.226,30.199999
0,60000,10,0.05,0.99,-0.1,1.0,100.0,500,9.972001,13.0
0,60000,10,0.05,0.99,-10.0,0.1,100.0,500,9.974001,13.0
0,60000,10,0.01,0.99,-10.0,1.0,100.0,500,11.334001,15.4
0,60000,10,0.01,0.9,-0.1,1.0,250.0,500,30.014,38.2
0,60000,10,0.01,0.99,-1.0,10.0,50.0,500,10.076,13.2
0,60000,10,0.05,0.95,-1.0,10.0,100.0,500,15.336001,28.2
0,60000,10,0.01,0.9,-0.1,0.1,250.0,500,28.822002,38.2
0,60000,50,0.001,0.95,-10.0,0.1,250.0,500,27.962,38.0
0,60000,50,0.001,0.9,-10.0,0.1,250.0,500,31.22,37.8
0,60000,50,0.001,0.9,-1.0,0.1,250.0,500,31.235998,38.4
0,60000,50,0.001,0.9,-10.0,0.1,50.0,500,28.314001,41.0
0,60000,50,0.001,0.9,-0.1,10.0,50.0,500,28.151997,38.600002
0,60000,50,0.001,0.9,-1.0,1.0,250.0,500,31.709997,38.4
0,60000,50,0.001,0.9,-1.0,0.1,100.0,500,29.995998,39.6
0,60000,50,0.001,0.95,-10.0,1.0,250.0,500,28.368,37.8
0,60000,50,0.001,0.9,-1.0,10.0,100.0,500,29.947998,39.2
0,60000,50,0.001,0.9,-1.0,1.0,100.0,500,29.756,39.8
0,60000,50,0.001,0.9,-1.0,10.0,250.0,500,31.436,39.0
0,60000,50,0.001,0.9,-0.1,10.0,100.0,500,29.872,38.4
0,60000,50,0.001,0.9,-10.0,1.0,50.0,500,28.370003,39.399998
0,60000,50,0.001,0.9,-0.1,1.0,50.0,500,28.107998,39.399998
0,60000,50,0.001,0.9,-0.1,0.1,250.0,500,30.009998,39.0
0,60000,50,0.001,0.95,-10.0,0.1,100.0,500,24.857998,38.2
0,60000,50,0.001,0.9,-0.1,1.0,100.0,500,29.914001,40.4
0,60000,50,0.001,0.9,-10.0,0.1,100.0,500,29.808002,39.399998
0,60000,50,0.001,0.95,-10.0,10.0,250.0,500,28.435999,37.2
0,60000,50,0.001,0.9,-10.0,10.0,100.0,500,29.886002,40.6
0,60000,50,0.001,0.95,-10.0,10.0,100.0,500,24.631996,37.8
0,60000,50,0.001,0.95,-10.0,0.1,50.0,500,21.869997,36.0
0,60000,50,0.001,0.9,-10.0,1.0,100.0,500,30.084002,38.800003
0,60000,50,0.001,0.9,-10.0,10.0,250.0,500,31.532001,38.2
0,60000,50,0.001,0.9,-10.0,10.0,50.0,500,28.408,39.399998
0,60000,50,0.001,0.9,-0.1,0.1,50.0,500,28.140003,39.399998
0,60000,50,0.001,0.9,-1.0,10.0,50.0,500,28.106,39.0
0,60000,50,0.001,0.95,-10.0,1.0,100.0,500,24.713999,37.4
0,60000,50,0.001,0.9,-1.0,1.0,50.0,500,28.394001,38.800003
0,60000,50,0.001,0.9,-10.0,1.0,250.0,500,31.435999,41.4
0,60000,50,0.001,0.95,-10.0,10.0,50.0,500,21.592003,36.0
0,60000,50,0.001,0.9,-0.1,0.1,100.0,500,29.872,39.8
0,60000,50,0.001,0.9,-0.1,10.0,250.0,500,31.123999,38.4
0,60000,50,0.001,0.9,-1.0,0.1,50.0,500,28.372002,40.2
0,60000,50,0.001,0.9,-0.1,1.0,250.0,500,31.053999,38.0
0,60000,50,0.001,0.95,-10.0,1.0,50.0,500,21.62,37.8
0,60000,50,0.001,0.95,-1.0,10.0,50.0,500,21.652,37.4
0,60000,50,0.001,0.99,-1.0,0.1,250.0,500,19.456,24.8
0,60000,50,0.001,0.95,-1.0,1.0,250.0,500,28.576,38.0
0,60000,50,0.001,0.95,-1.0,0.1,250.0,500,27.892,37.0
0,60000,50,0.001,0.95,-1.0,10.0,250.0,500,28.61,37.0
0,60000,50,0.001,0.95,-0.1,10.0,50.0,500,21.598003,36.6
0,60000,50,0.001,0.95,-0.1,1.0,50.0,500,21.802002,36.399998
0,60000,50,0.001,0.95,-1.0,0.1,50.0,500,21.806002,37.8
0,60000,50,0.05,0.9,-10.0,0.1,250.0,500,22.419998,38.2
0,60000,50,0.001,0.95,-0.1,0.1,100.0,500,24.522001,37.0
0,60000,50,0.05,0.9,-1.0,10.0,250.0,500,22.650002,38.0
0,60000,50,0.05,0.9,-0.1,10.0,100.0,500,20.476,38.800003
0,60000,50,0.001,0.95,-0.1,0.1,250.0,500,26.554,37.0
0,60000,50,0.05,0.9,-1.0,0.1,100.0,500,20.696,40.4
0,60000,50,0.05,0.9,-1.0,0.1,50.0,500,18.872002,38.800003
0,60000,50,0.001,0.99,-10.0,10.0,250.0,500,19.383999,25.6
0,60000,50,0.001,0.95,-1.0,1.0,100.0,500,24.741997,37.0
0,60000,50,0.05,0.9,-10.0,0.1,100.0,500,20.696,40.4
0,60000,50,0.01,0.9,-1.0,0.1,250.0,500,26.247997,38.800003
0,60000,50,0.01,0.9,-10.0,0.1,100.0,500,24.12,38.800003
0,60000,50,0.05,0.9,-10.0,10.0,100.0,500,20.656,39.2
0,60000,50,0.05,0.9,-1.0,10.0,100.0,500,20.522001,38.800003
0,60000,50,0.001,0.95,-0.1,0.1,50.0,500,21.546001,35.600002
0,60000,50,0.001,0.95,-0.1,10.0,100.0,500,24.592003,38.0
0,60000,50,0.001,0.99,-10.0,0.1,250.0,500,19.5,25.8
0,60000,50,0.05,0.9,-10.0,10.0,50.0,500,19.076,39.6
0,60000,50,0.05,0.9,-1.0,1.0,250.0,500,22.650002,38.0
0,60000,50,0.05,0.9,-10.0,1.0,50.0,500,19.076,39.6
0,60000,50,0.05,0.9,-1.0,1.0,50.0,500,19.076,39.6
0,60000,50,0.01,0.9,-0.1,10.0,50.0,500,22.908003,39.2
0,60000,50,0.01,0.9,-0.1,1.0,100.0,500,24.087997,37.6
0,60000,50,0.001,0.99,-1.0,0.1,100.0,500,14.276002,19.8
0,60000,50,0.05,0.9,-10.0,1.0,250.0,500,22.650002,38.0
003
0,60000,50,0.05,0.9,-0.1,0.1,100.0,500,20.556002,39.6
0,60000,50,0.01,0.9,-10.0,0.1,250.0,500,26.175999,37.6
0,60000,50,0.001,0.95,-1.0,1.0,50.0,500,21.51,34.8
0,60000,50,0.05,0.9,-0.1,10.0,50.0,500,19.167997,38.4
0,60000,50,0.001,0.99,-0.1,10.0,100.0,500,14.207999,20.4
0,60000,50,0.001,0.95,-1.0,10.0,100.0,500,24.642,39.399998
0,60000,50,0.01,0.9,-1.0,0.1,100.0,500,24.12,38.800003
0,60000,50,0.05,0.95,-1.0,0.1,250.0,500,13.175999,27.599998
0,60000,50,0.001,0.99,-10.0,0.1,50.0,500,11.334002,16.4
0,60000,50,0.01,0.9,-10.0,10.0,100.0,500,24.236,38.2
0,60000,50,0.01,0.9,-10.0,10.0,50.0,500,22.549997,40.2
0,60000,50,0.01,0.9,-0.1,0.1,100.0,500,24.210003,38.600002
0,60000,50,0.05,0.9,-10.0,10.0,250.0,500,22.650002,38.0
0,60000,50,0.001,0.99,-1.0,10.0,50.0,500,11.214001,16.4
0,60000,50,0.01,0.9,-1.0,10.0,250.0,500,26.688,39.0
0,60000,50,0.01,0.9,-1.0,10.0,50.0,500,22.514,39.0
0,60000,50,0.05,0.95,-10.0,0.1,250.0,500,13.144,26.0
0,60000,50,0.001,0.95,-0.1,1.0,250.0,500,27.757998,37.4
0,60000,50,0.001,0.95,-0.1,10.0,250.0,500,27.931997,37.0
0,60000,50,0.01,0.9,-1.0,1.0,250.0,500,26.904003,39.6
0,60000,50,0.001,0.95,-0.1,1.0,100.0,500,24.712,39.0
0,60000,50,0.01,0.95,-1.0,0.1,250.0,500,18.419998,32.2
0,60000,50,0.001,0.99,-0.1,0.1,100.0,500,14.268001,20.0
0,60000,50,0.01,0.9,-10.0,1.0,100.0,500,24.236,38.2
0,60000,50,0.001,0.99,-10.0,10.0,50.0,500,11.205999,15.000001
0,60000,50,0.001,0.99,-10.0,0.1,100.0,500,14.21,19.8
0,60000,50,0.05,0.99,-10.0,0.1,250.0,500,9.974001,13.0
0,60000,50,0.001,0.99,-0.1,10.0,50.0,500,11.237998,15.4
0,60000,50,0.01,0.9,-0.1,1.0,50.0,500,22.571999,37.8
0,60000,50,0.001,0.99,-0.1,10.0,250.0,500,19.7,25.6
0,60000,50,0.05,0.95,-0.1,1.0,50.0,500,10.334001,14.8
0,60000,50,0.001,0.99,-0.1,1.0,250.0,500,19.411999,25.6
0,60000,50,0.01,0.9,-1.0,1.0,100.0,500,24.236,38.2
0,60000,50,0.05,0.95,-0.1,0.1,250.0,500,12.443997,24.6
0,60000,50,0.05,0.9,-0.1,0.1,250.0,500,21.786001,40.0
0,60000,50,0.01,0.9,-1.0,10.0,100.0,500,24.268,38.800003
0,60000,50,0.01,0.95,-10.0,1.0,250.0,500,18.746,32.8
0,60000,50,0.05,0.99,-10.0,1.0,250.0,500,9.974,13.0
0,60000,50,0.05,0.9,-1.0,1.0,100.0,500,20.656,39.2
0,60000,50,0.05,0.99,-1.0,1.0,100.0,500,9.976001,13.0
0,60000,50,0.01,0.9,-10.0,0.1,50.0,500,22.712002,39.399998
0,60000,50,0.001,0.99,-1.0,0.1,50.0,500,11.078,14.599999
0,60000,50,0.05,0.95,-0.1,0.1,50.0,500,10.370001,15.4
0,60000,50,0.01,0.9,-0.1,0.1,250.0,500,25.588001,37.6
0,60000,50,0.001,0.99,-10.0,1.0,100.0,500,14.298,20.800001
0,60000,50,0.05,0.9,-0.1,0.1,50.0,500,18.914,38.2
0,60000,50,0.01,0.95,-10.0,1.0,50.0,500,13.054,23.800001
0,60000,50,0.05,0.9,-1.0,10.0,50.0,500,18.976,38.600002
0,60000,50,0.001,0.99,-10.0,1.0,50.0,500,11.17,15.2
0,60000,50,0.001,0.99,-10.0,1.0,250.0,500,19.536,26.6
0,60000,50,0.01,0.9,-10.0,1.0,250.0,500,26.904003,39.6
0,60000,50,0.05,0.95,-10.0,1.0,100.0,500,11.207999,18.6
0,60000,50,0.05,0.9,-0.1,1.0,50.0,500,19.022001,38.0
0,60000,50,0.001,0.99,-1.0,10.0,250.0,500,19.458,25.2
0,60000,50,0.001,0.99,-0.1,1.0,50.0,500,11.258,15.800001
0,60000,50,0.05,0.95,-1.0,10.0,250.0,500,12.93,23.800001
0,60000,50,0.01,0.9,-1.0,0.1,50.0,500,22.712002,39.399998
0,60000,50,0.05,0.95,-1.0,1.0,250.0,500,12.93,23.800001
0,60000,50,0.001,0.99,-0.1,0.1,50.0,500,11.234,15.6
0,60000,50,0.05,0.95,-10.0,0.1,50.0,500,10.314,14.599999
0,60000,50,0.01,0.9,-1.0,1.0,50.0,500,22.549997,40.2
0,60000,50,0.05,0.99,-1.0,1.0,50.0,500,9.976001,13.0
0,60000,50,0.05,0.99,-1.0,10.0,50.0,500,9.976001,13.0
0,60000,50,0.05,0.99,-0.1,1.0,250.0,500,9.976001,13.0
0,60000,50,0.05,0.9,-10.0,1.0,100.0,500,20.656,39.2
0,60000,50,0.05,0.95,-10.0,10.0,250.0,500,12.93,23.800001
0,60000,50,0.05,0.95,-1.0,0.1,50.0,500,10.314,14.599999
0,60000,50,0.05,0.99,-10.0,10.0,100.0,500,9.976001,13.0
0,60000,50,0.01,0.95,-1.0,0.1,100.0,500,15.252,31.2
0,60000,50,0.001,0.99,-1.0,10.0,100.0,500,14.231999,19.8
0,60000,50,0.05,0.95,-10.0,0.1,100.0,500,11.288,22.0
0,60000,50,0.05,0.95,-10.0,10.0,100.0,500,11.207999,18.6
0,60000,50,0.05,0.95,-0.1,10.0,100.0,500,11.076001,18.0
0,60000,50,0.05,0.9,-0.1,1.0,250.0,500,22.59,38.600002
0,60000,50,0.05,0.9,-1.0,0.1,250.0,500,22.468,38.4
0,60000,50,0.05,0.99,-0.1,0.1,50.0,500,9.976001,13.0
0,60000,50,0.01,0.95,-10.0,0.1,250.0,500,18.526001,34.0
0,60000,50,0.05,0.99,-10.0,1.0,100.0,500,9.976001,13.0
0,60000,50,0.01,0.95,-1.0,0.1,50.0,500,13.069999,26.0
0,60000,50,0.05,0.99,-10.0,10.0,250.0,500,9.974,13.0
0,60000,50,0.001,0.95,-1.0,0.1,100.0,500,24.681997,38.600002
0,60000,50,0.05,0.99,-0.1,10.0,100.0,500,9.976001,13.0
0,60000,50,0.001,0.99,-10.0,10.0,100.0,500,14.41,21.4
0,60000,50,0.05,0.9,-0.1,10.0,250.0,500,22.684002,40.6
0,60000,50,0.05,0.99,-1.0,0.1,50.0,500,9.976001,13.0
0,60000,50,0.05,0.95,-10.0,1.0,50.0,500,10.384,16.599998
0,60000,50,0.05,0.99,-1.0,10.0,100.0,500,9.976001,13.0
0,60000,50,0.05,0.95,-0.1,0.1,100.0,500,11.228001,21.8
0,60000,50,0.05,0.95,-10.0,10.0,50.0,500,10.384,16.599998
0,60000,50,0.05,0.95,-1.0,1.0,100.0,500,11.207999,18.6
0,60000,50,0.05,0.99,-10.0,10.0,50.0,500,9.976001,13.0
0,60000,50,0.05,0.95,-0.1,1.0,250.0,500,13.018001,24.8
0,60000,50,0.05,0.99,-0.1,1.0,100.0,500,9.976001,13.0
0,60000,50,0.05,0.99,-10.0,0.1,100.0,500,9.976001,13.0
0,60000,50,0.05,0.99,-1.0,0.1,100.0,500,9.976001,13.0
0,60000,50,0.01,0.95,-10.0,10.0,100.0,500,15.150002,31.0
0,60000,50,0.05,0.99,-10.0,0.1,50.0,500,9.976001,13.0
0,60000,50,0.05,0.95,-1.0,1.0,50.0,500,10.384,16.599998
0,60000,50,0.01,0.9,-10.0,1.0,50.0,500,22.549997,40.2
0,60000,50,0.05,0.95,-0.1,1.0,100.0,500,11.19,20.6
0,60000,50,0.01,0.95,-10.0,1.0,100.0,500,15.150002,31.0
0,60000,50,0.05,0.99,-0.1,0.1,250.0,500,9.968001,13.0
0,60000,50,0.01,0.95,-1.0,1.0,50.0,500,13.054,23.800001
0,60000,50,0.01,0.95,-10.0,10.0,50.0,500,13.054,23.800001
0,60000,50,0.05,0.95,-1.0,10.0,50.0,500,10.408001,17.4
0,60000,50,0.001,0.99,-1.0,1.0,50.0,500,11.205998,14.599999
0,60000,50,0.01,0.95,-1.0,1.0,250.0,500,18.746,32.8
0,60000,50,0.05,0.99,-0.1,10.0,50.0,500,9.976001,13.0
0,60000,50,0.05,0.95,-10.0,1.0,250.0,500,12.93,23.800001
0,60000,50,0.05,0.99,-0.1,10.0,250.0,500,9.976001,13.0
0,60000,50,0.01,0.9,-10.0,10.0,250.0,500,26.904003,39.6
0,60000,50,0.05,0.95,-0.1,10.0,250.0,500,12.87,25.2
0,60000,50,0.01,0.95,-10.0,10.0,250.0,500,18.746,32.8
0,60000,50,0.05,0.99,-0.1,1.0,50.0,500,9.976001,13.0
0,60000,50,0.05,0.99,-1.0,1.0,250.0,500,9.974,13.0
0,60000,50,0.01,0.95,-10.0,0.1,50.0,500,13.069999,26.0
0,60000,50,0.01,0.9,-0.1,0.1,50.0,500,22.62,38.4
0,60000,50,0.001,0.99,-0.1,0.1,250.0,500,17.964,22.8
0,60000,50,0.05,0.95,-1.0,10.0,100.0,500,11.207999,19.0
0,60000,50,0.01,0.95,-10.0,0.1,100.0,500,15.252,31.2
0,60000,50,0.05,0.99,-10.0,1.0,50.0,500,9.976001,13.0
0,60000,50,0.05,0.99,-1.0,10.0,250.0,500,9.974,13.0
0,60000,50,0.001,0.99,-1.0,1.0,250.0,500,19.362,25.6
0,60000,50,0.01,0.9,-0.1,1.0,250.0,500,26.759998,40.2
0,60000,50,0.01,0.95,-1.0,10.0,50.0,500,13.052001,25.0
0,60000,50,0.05,0.9,-0.1,1.0,100.0,500,20.418001,39.0
0,60000,50,0.05,0.95,-1.0,0.1,100.0,500,11.288,22.0
0,60000,50,0.01,0.95,-1.0,10.0,250.0,500,18.703999,35.600002
0,60000,50,0.01,0.95,-1.0,1.0,100.0,500,15.150002,31.0
0,60000,50,0.01,0.9,-0.1,10.0,250.0,500,26.348003,38.800003
0,60000,50,0.05,0.95,-0.1,10.0,50.0,500,10.34,15.000001
0,60000,50,0.01,0.95,-0.1,0.1,50.0,500,12.984,25.2
0,60000,50,0.01,0.9,-0.1,10.0,100.0,500,24.163996,38.800003
0,60000,50,0.01,0.95,-0.1,1.0,50.0,500,13.060001,26.800001
0,60000,50,0.01,0.95,-0.1,0.1,250.0,500,17.668001,32.8
0,60000,50,0.05,0.99,-1.0,0.1,250.0,500,9.974001,13.0
0,60000,50,0.01,0.95,-0.1,0.1,100.0,500,14.796,29.199999
0,60000,50,0.01,0.95,-0.1,1.0,100.0,500,15.026,28.400002
0,60000,50,0.01,0.95,-0.1,10.0,50.0,500,12.955999,25.6
0,60000,50,0.001,0.99,-1.0,1.0,100.0,500,14.170001,19.0
0,60000,50,0.05,0.99,-0.1,0.1,100.0,500,9.974,13.0
0,60000,50,0.01,0.95,-0.1,1.0,250.0,500,18.501999,32.2
0,60000,50,0.001,0.99,-0.1,1.0,100.0,500,14.286001,21.199999
0,60000,50,0.01,0.95,-1.0,10.0,100.0,500,15.144,28.8
0,60000,50,0.01,0.95,-0.1,10.0,100.0,500,15.174,29.0
0,60000,50,0.01,0.99,-10.0,1.0,100.0,500,9.976001,13.0
0,60000,50,0.01,0.99,-10.0,0.1,250.0,500,10.098,13.2
0,60000,50,0.01,0.99,-10.0,1.0,250.0,500,10.095999,13.2
0,60000,50,0.01,0.99,-10.0,0.1,100.0,500,9.974001,13.0
0,60000,50,0.01,0.99,-10.0,1.0,50.0,500,9.974,13.0
0,60000,50,0.01,0.99,-10.0,10.0,50.0,500,9.974,13.0
0,60000,50,0.01,0.99,-10.0,0.1,50.0,500,9.974,13.0
0,60000,50,0.01,0.99,-10.0,10.0,250.0,500,10.095999,13.2
0,60000,50,0.01,0.99,-1.0,0.1,100.0,500,9.974001,13.0
0,60000,50,0.01,0.99,-10.0,10.0,100.0,500,9.976001,13.0
0,60000,50,0.01,0.99,-1.0,1.0,50.0,500,9.974,13.0
0,60000,50,0.01,0.99,-1.0,0.1,50.0,500,9.974,13.0
0,60000,50,0.01,0.99,-1.0,0.1,250.0,500,10.098,13.2
0,60000,50,0.01,0.99,-1.0,1.0,100.0,500,9.976001,13.0
0,60000,50,0.01,0.99,-0.1,0.1,50.0,500,9.976001,13.0
0,60000,50,0.01,0.99,-0.1,0.1,100.0,500,9.972001,13.0
0,60000,50,0.01,0.99,-1.0,10.0,50.0,500,9.974,13.0
0,60000,50,0.01,0.99,-0.1,1.0,250.0,500,10.094,13.2
0,60000,50,0.01,0.99,-1.0,10.0,250.0,500,10.095999,13.2
0,60000,50,0.01,0.99,-1.0,10.0,100.0,500,9.976001,13.0
0,60000,50,0.01,0.99,-0.1,10.0,50.0,500,9.974,13.0
0,60000,50,0.01,0.99,-0.1,1.0,50.0,500,9.974,13.0
0,60000,50,0.01,0.99,-0.1,1.0,100.0,500,9.972001,13.0
0,60000,50,0.01,0.99,-0.1,10.0,250.0,500,10.091999,13.2
0,60000,50,0.01,0.99,-0.1,10.0,100.0,500,9.972001,13.0
0,60000,50,0.01,0.99,-0.1,0.1,250.0,500,10.0859995,13.2
0,60000,50,0.01,0.95,-0.1,10.0,250.0,500,18.537998,33.199997
0,60000,50,0.01,0.99,-1.0,1.0,250.0,500,10.095999,13.2
0,60000,100,0.001,0.9,-10.0,1.0,250.0,500,30.765997,39.8
0,60000,100,0.001,0.95,-1.0,0.1,250.0,500,25.382002,36.0
0,60000,100,0.001,0.9,-10.0,1.0,100.0,500,28.388,39.6
0,60000,100,0.001,0.9,-10.0,10.0,250.0,500,30.38,40.2
0,60000,100,0.001,0.9,-1.0,0.1,250.0,500,30.018003,38.4
0,60000,100,0.001,0.9,-10.0,0.1,100.0,500,28.470003,39.6
0,60000,100,0.001,0.9,-1.0,1.0,100.0,500,28.357998,41.0
0,60000,100,0.001,0.9,-10.0,10.0,100.0,500,28.164,39.6
0,60000,100,0.001,0.9,-1.0,10.0,100.0,500,28.315998,40.0
0,60000,100,0.001,0.9,-10.0,10.0,50.0,500,26.442,39.0
0,60000,100,0.001,0.9,-0.1,1.0,50.0,500,26.73,38.2
0,60000,100,0.001,0.9,-1.0,10.0,50.0,500,26.56,38.800003
0,60000,100,0.001,0.9,-0.1,0.1,100.0,500,28.103998,40.2
0,60000,100,0.001,0.95,-10.0,0.1,250.0,500,25.58,37.6
0,60000,100,0.001,0.9,-1.0,0.1,50.0,500,26.53,40.0
0,60000,100,0.001,0.9,-1.0,1.0,50.0,500,26.442,39.0
0,60000,100,0.001,0.9,-1.0,10.0,250.0,500,30.46,39.6
0,60000,100,0.001,0.9,-1.0,0.1,100.0,500,28.180002,39.6
0,60000,100,0.001,0.9,-0.1,0.1,50.0,500,26.713999,38.600002
0,60000,100,0.001,0.9,-10.0,0.1,250.0,500,29.996,38.600002
0,60000,100,0.001,0.9,-1.0,1.0,250.0,500,30.2,38.0
0,60000,100,0.001,0.9,-0.1,10.0,50.0,500,26.8,38.0
0,60000,100,0.001,0.99,-10.0,0.1,250.0,500,15.410001,21.8
0,60000,100,0.001,0.9,-10.0,1.0,50.0,500,26.442,39.0
0,60000,100,0.001,0.9,-10.0,0.1,50.0,500,26.53,40.0
0,60000,100,0.001,0.95,-10.0,1.0,250.0,500,25.756,38.2
0,60000,100,0.001,0.9,-0.1,10.0,100.0,500,28.32,39.8
0,60000,100,0.001,0.95,-1.0,10.0,250.0,500,25.610003,37.8
0,60000,100,0.001,0.95,-1.0,10.0,50.0,500,18.624,33.0
0,60000,100,0.001,0.9,-0.1,0.1,250.0,500,28.982002,38.0
0,60000,100,0.001,0.9,-0.1,1.0,100.0,500,28.255999,39.8
0,60000,100,0.001,0.95,-10.0,1.0,100.0,500,21.463997,37.6
0,60000,100,0.001,0.95,-0.1,0.1,100.0,500,21.68,37.6
0,60000,100,0.001,0.95,-10.0,1.0,50.0,500,18.484,32.600002
0,60000,100,0.001,0.95,-1.0,1.0,50.0,500,18.484,32.600002
0,60000,100,0.001,0.95,-10.0,0.1,50.0,500,18.495998,32.8
0,60000,100,0.001,0.95,-10.0,10.0,50.0,500,18.484,32.600002
0,60000,100,0.001,0.95,-1.0,0.1,100.0,500,21.581999,36.0
0,60000,100,0.001,0.95,-1.0,1.0,100.0,500,21.912003,36.6
0,60000,100,0.001,0.95,-0.1,10.0,50.0,500,18.694,32.4
0,60000,100,0.001,0.95,-10.0,10.0,250.0,500,25.682001,38.2
0,60000,100,0.001,0.95,-0.1,1.0,50.0,500,18.628,34.8
0,60000,100,0.001,0.95,-10.0,10.0,100.0,500,21.756,35.600002
0,60000,100,0.001,0.9,-0.1,1.0,250.0,500,30.245998,38.4
0,60000,100,0.001,0.9,-0.1,10.0,250.0,500,30.120003,39.6
0,60000,100,0.001,0.99,-1.0,1.0,250.0,500,15.317999,22.0
0,60000,100,0.001,0.95,-1.0,10.0,100.0,500,21.7,36.8
0,60000,100,0.001,0.95,-1.0,0.1,50.0,500,18.495998,32.8
0,60000,100,0.001,0.95,-1.0,1.0,250.0,500,25.82,39.399998
0,60000,100,0.001,0.95,-0.1,10.0,100.0,500,21.721996,36.199997
0,60000,100,0.001,0.95,-0.1,0.1,250.0,500,24.198004,36.0
0,60000,100,0.001,0.99,-10.0,10.0,100.0,500,11.316,15.800001
0,60000,100,0.001,0.95,-0.1,1.0,100.0,500,21.467999,35.8
0,60000,100,0.001,0.95,-0.1,0.1,50.0,500,18.54,34.8
0,60000,100,0.001,0.99,-1.0,0.1,250.0,500,15.435999,22.8
0,60000,100,0.001,0.99,-10.0,1.0,100.0,500,11.344,16.0
0,60000,100,0.001,0.99,-10.0,1.0,50.0,500,10.082,13.2
0,60000,100,0.001,0.99,-10.0,1.0,250.0,500,15.216001,21.199999
0,60000,100,0.001,0.99,-10.0,10.0,50.0,500,10.082,13.2
0,60000,100,0.001,0.99,-1.0,0.1,50.0,500,10.082,13.2
0,60000,100,0.001,0.99,-1.0,10.0,100.0,500,11.242001,15.000001
0,60000,100,0.001,0.99,-1.0,10.0,50.0,500,10.080001,13.2
0,60000,100,0.001,0.95,-0.1,10.0,250.0,500,25.418001,36.6
0,60000,100,0.001,0.99,-1.0,1.0,100.0,500,11.316,15.800001
0,60000,100,0.001,0.99,-1.0,1.0,50.0,500,10.082,13.2
0,60000,100,0.05,0.9,-10.0,0.1,250.0,500,20.876,39.0
0,60000,100,0.001,0.99,-1.0,0.1,100.0,500,11.230001,15.4
0,60000,100,0.001,0.99,-10.0,10.0,250.0,500,15.39,21.4
0,60000,100,0.05,0.9,-10.0,0.1,100.0,500,18.77,39.0
0,60000,100,0.05,0.9,-1.0,0.1,50.0,500,17.328001,37.4
0,60000,100,0.001,0.95,-0.1,1.0,250.0,500,25.470003,36.6
0,60000,100,0.05,0.9,-10.0,1.0,50.0,500,17.392,37.2
0,60000,100,0.05,0.9,-10.0,10.0,50.0,500,17.392,37.2
0,60000,100,0.05,0.9,-1.0,0.1,250.0,500,21.004002,38.800003
0,60000,100,0.05,0.9,-1.0,10.0,250.0,500,21.094002,38.800003
0,60000,100,0.05,0.9,-1.0,1.0,250.0,500,21.094002,38.800003
0,60000,100,0.001,0.99,-10.0,0.1,100.0,500,11.224,15.4
0,60000,100,0.05,0.9,-10.0,1.0,250.0,500,21.094002,38.800003
0,60000,100,0.05,0.9,-10.0,10.0,250.0,500,21.094002,38.800003
0,60000,100,0.05,0.9,-1.0,0.1,100.0,500,18.77,39.0
0,60000,100,0.01,0.9,-10.0,0.1,250.0,500,24.624,38.0
0,60000,100,0.05,0.9,-0.1,0.1,100.0,500,18.968002,39.399998
0,60000,100,0.05,0.9,-0.1,0.1,50.0,500,17.404,37.8
0,60000,100,0.05,0.9,-10.0,1.0,100.0,500,19.006,38.2
0,60000,100,0.05,0.9,-1.0,10.0,100.0,500,19.006,38.2
0,60000,100,0.001,0.99,-0.1,0.1,50.0,500,10.082,13.2
0,60000,100,0.05,0.9,-1.0,10.0,50.0,500,17.264,38.0
0,60000,100,0.001,0.99,-0.1,1.0,250.0,500,15.566001,21.199999
0,60000,100,0.001,0.99,-10.0,0.1,50.0,500,10.082,13.2
0,60000,100,0.05,0.9,-0.1,1.0,50.0,500,17.538002,38.0
0,60000,100,0.05,0.9,-10.0,10.0,100.0,500,19.006,38.2
0,60000,100,0.001,0.99,-0.1,1.0,50.0,500,10.080001,13.2
0,60000,100,0.05,0.9,-0.1,10.0,100.0,500,18.977999,38.0
0,60000,100,0.001,0.99,-1.0,10.0,250.0,500,15.528001,20.6
0,60000,100,0.01,0.9,-1.0,0.1,250.0,500,24.664,39.399998
0,60000,100,0.001,0.99,-0.1,0.1,250.0,500,14.604001,20.0
0,60000,100,0.001,0.99,-0.1,10.0,50.0,500,10.080001,13.2
0,60000,100,0.001,0.99,-0.1,10.0,100.0,500,11.242001,15.800001
0,60000,100,0.05,0.9,-1.0,1.0,50.0,500,17.392,37.2
0,60000,100,0.01,0.9,-10.0,10.0,250.0,500,24.882002,38.4
0,60000,100,0.01,0.9,-1.0,0.1,100.0,500,22.8,38.0
0,60000,100,0.05,0.9,-0.1,1.0,100.0,500,19.002,38.800003
0,60000,100,0.001,0.99,-0.1,1.0,100.0,500,11.228001,15.4
0,60000,100,0.05,0.9,-10.0,0.1,50.0,500,17.328001,37.4
0,60000,100,0.05,0.9,-0.1,10.0,50.0,500,17.314001,38.4
0,60000,100,0.05,0.9,-1.0,1.0,100.0,500,19.006,38.2
0,60000,100,0.01,0.9,-0.1,10.0,100.0,500,22.501997,39.399998
0,60000,100,0.01,0.9,-1.0,1.0,250.0,500,24.882002,38.4
0,60000,100,0.01,0.9,-1.0,1.0,100.0,500,22.768,39.6
0,60000,100,0.01,0.9,-10.0,0.1,50.0,500,21.123999,40.0
0,60000,100,0.01,0.9,-1.0,10.0,250.0,500,24.822002,38.600002
0,60000,100,0.05,0.99,-10.0,10.0,100.0,500,9.976001,13.0
0,60000,100,0.05,0.9,-0.1,10.0,250.0,500,21.074001,38.4
0,60000,100,0.01,0.9,-0.1,10.0,50.0,500,21.3,40.0
0,60000,100,0.01,0.9,-10.0,0.1,100.0,500,22.8,38.0
0,60000,100,0.01,0.9,-10.0,1.0,250.0,500,24.882002,38.4
0,60000,100,0.01,0.9,-1.0,10.0,100.0,500,22.768,39.6
0,60000,100,0.01,0.9,-10.0,10.0,50.0,500,21.296001,39.6
0,60000,100,0.01,0.9,-1.0,0.1,50.0,500,21.123999,40.0
0,60000,100,0.01,0.9,-1.0,1.0,50.0,500,21.296001,39.6
0,60000,100,0.01,0.9,-1.0,10.0,50.0,500,21.2,39.0
0,60000,100,0.01,0.9,-10.0,10.0,100.0,500,22.768,39.6
0,60000,100,0.05,0.95,-1.0,0.1,50.0,500,10.042,13.2
0,60000,100,0.01,0.95,-10.0,0.1,250.0,500,16.058,30.4
0,60000,100,0.05,0.95,-1.0,0.1,250.0,500,11.527999,21.6
0,60000,100,0.01,0.9,-0.1,1.0,100.0,500,22.416,39.6
0,60000,100,0.001,0.99,-0.1,0.1,100.0,500,11.184,15.4
0,60000,100,0.05,0.95,-1.0,0.1,100.0,500,10.35,15.800001
0,60000,100,0.01,0.9,-0.1,0.1,100.0,500,22.519997,39.6
0,60000,100,0.001,0.99,-0.1,10.0,250.0,500,15.379997,20.2
0,60000,100,0.05,0.95,-0.1,10.0,250.0,500,11.550001,21.6
0,60000,100,0.05,0.95,-1.0,10.0,250.0,500,11.404001,20.800001
0,60000,100,0.01,0.9,-0.1,1.0,50.0,500,21.22,38.4
0,60000,100,0.05,0.95,-10.0,1.0,50.0,500,10.042,13.2
0,60000,100,0.05,0.95,-0.1,1.0,250.0,500,11.588,21.0
0,60000,100,0.05,0.95,-10.0,10.0,250.0,500,11.404001,20.800001
0,60000,100,0.05,0.95,-10.0,10.0,100.0,500,10.326,15.800001
0,60000,100,0.05,0.95,-10.0,1.0,250.0,500,11.404001,20.800001
0,60000,100,0.05,0.95,-10.0,0.1,50.0,500,10.042,13.2
0,60000,100,0.01,0.9,-0.1,0.1,250.0,500,23.785995,38.0
0,60000,100,0.01,0.95,-1.0,0.1,250.0,500,15.796001,28.8
0,60000,100,0.05,0.95,-10.0,10.0,50.0,500,10.042,13.2
0,60000,100,0.05,0.95,-0.1,0.1,250.0,500,11.240002,20.0
0,60000,100,0.05,0.95,-0.1,1.0,100.0,500,10.357999,15.4
0,60000,100,0.05,0.9,-0.1,0.1,250.0,500,20.034,37.2
0,60000,100,0.05,0.95,-1.0,1.0,50.0,500,10.042,13.2
0,60000,100,0.05,0.95,-0.1,10.0,100.0,500,10.294001,14.599999
0,60000,100,0.01,0.95,-1.0,1.0,250.0,500,16.067999,29.4
0,60000,100,0.05,0.99,-10.0,0.1,250.0,500,9.974,13.0
0,60000,100,0.05,0.9,-0.1,1.0,250.0,500,20.942,36.8
0,60000,100,0.05,0.99,-1.0,0.1,100.0,500,9.976001,13.0
0,60000,100,0.05,0.99,-0.1,0.1,250.0,500,9.967999,13.0
0,60000,100,0.05,0.95,-1.0,1.0,100.0,500,10.326,15.800001
0,60000,100,0.05,0.95,-1.0,1.0,250.0,500,11.404001,20.800001
0,60000,100,0.05,0.99,-0.1,0.1,50.0,500,9.976001,13.0
0,60000,100,0.01,0.95,-10.0,0.1,100.0,500,13.015999,25.0
0,60000,100,0.05,0.95,-0.1,1.0,50.0,500,10.032,13.2
0,60000,100,0.01,0.95,-0.1,10.0,50.0,500,11.606001,20.2
0,60000,100,0.05,0.99,-10.0,1.0,250.0,500,9.976001,13.0
0,60000,100,0.01,0.95,-10.0,10.0,250.0,500,16.067999,29.4
0,60000,100,0.05,0.99,-10.0,10.0,250.0,500,9.976001,13.0
0,60000,100,0.01,0.95,-1.0,0.1,100.0,500,13.015999,25.0
0,60000,100,0.05,0.95,-10.0,0.1,250.0,500,11.364,20.800001
0,60000,100,0.05,0.99,-1.0,10.0,50.0,500,9.976001,13.0
0,60000,100,0.05,0.95,-10.0,0.1,100.0,500,10.35,15.800001
0,60000,100,0.05,0.99,-10.0,0.1,50.0,500,9.976001,13.0
0,60000,100,0.05,0.95,-1.0,10.0,100.0,500,10.326,15.800001
0,60000,100,0.05,0.99,-0.1,1.0,50.0,500,9.976001,13.0
0,60000,100,0.01,0.95,-1.0,1.0,50.0,500,11.542001,22.0
0,60000,100,0.01,0.95,-10.0,0.1,50.0,500,11.656,21.199999
0,60000,100,0.05,0.95,-1.0,10.0,50.0,500,10.033999,13.2
0,60000,100,0.05,0.99,-10.0,1.0,50.0,500,9.976001,13.0
0,60000,100,0.01,0.95,-10.0,1.0,250.0,500,16.067999,29.4
0,60000,100,0.01,0.9,-0.1,1.0,250.0,500,24.580006,38.800003
0,60000,100,0.05,0.99,-0.1,10.0,100.0,500,9.976001,13.0
0,60000,100,0.05,0.99,-1.0,1.0,250.0,500,9.976001,13.0
0,60000,100,0.01,0.95,-1.0,10.0,250.0,500,16.028,28.8
0,60000,100,0.01,0.95,-1.0,10.0,100.0,500,12.943999,25.2
0,60000,100,0.01,0.95,-10.0,1.0,100.0,500,12.943999,25.2
0,60000,100,0.05,0.95,-0.1,0.1,50.0,500,10.042,13.2
0,60000,100,0.05,0.99,-10.0,10.0,50.0,500,9.976001,13.0
0,60000,100,0.05,0.95,-0.1,0.1,100.0,500,10.33,14.8
0,60000,100,0.05,0.99,-1.0,0.1,50.0,500,9.976001,13.0
0,60000,100,0.05,0.99,-0.1,0.1,100.0,500,9.974,13.0
0,60000,100,0.01,0.95,-0.1,1.0,50.0,500,11.431999,19.400002
0,60000,100,0.01,0.95,-10.0,1.0,50.0,500,11.542001,22.0
0,60000,100,0.05,0.99,-1.0,0.1,250.0,500,9.974,13.0
0,60000,100,0.05,0.95,-0.1,10.0,50.0,500,10.032,13.2
0,60000,100,0.01,0.95,-0.1,0.1,100.0,500,13.038,24.6
0,60000,100,0.01,0.95,-10.0,10.0,50.0,500,11.542001,22.0
0,60000,100,0.05,0.99,-1.0,1.0,100.0,500,9.976001,13.0
0,60000,100,0.05,0.99,-1.0,10.0,250.0,500,9.976001,13.0
0,60000,100,0.05,0.99,-1.0,10.0,100.0,500,9.976001,13.0
0,60000,100,0.05,0.99,-0.1,1.0,100.0,500,9.976001,13.0
0,60000,100,0.001,0.95,-10.0,0.1,100.0,500,21.685999,35.600002
0,60000,100,0.01,0.99,-10.0,0.1,100.0,500,9.974,13.0
0,60000,100,0.05,0.99,-10.0,1.0,100.0,500,9.976001,13.0
0,60000,100,0.05,0.99,-1.0,1.0,50.0,500,9.976001,13.0
0,60000,100,0.01,0.95,-1.0,1.0,100.0,500,12.943999,25.2
0,60000,100,0.01,0.95,-10.0,10.0,100.0,500,12.943999,25.2
0,60000,100,0.01,0.9,-0.1,0.1,50.0,500,21.078001,40.6
0,60000,100,0.01,0.95,-0.1,10.0,100.0,500,12.978001,24.8
0,60000,100,0.01,0.99,-10.0,1.0,50.0,500,9.976001,13.0
0,60000,100,0.01,0.95,-0.1,1.0,250.0,500,15.846,30.199999
0,60000,100,0.01,0.95,-0.1,10.0,250.0,500,15.987999,28.8
0,60000,100,0.05,0.99,-10.0,0.1,100.0,500,9.976001,13.0
0,60000,100,0.01,0.99,-1.0,10.0,100.0,500,9.974,13.0
0,60000,100,0.01,0.95,-0.1,0.1,50.0,500,11.518,20.6
0,60000,100,0.01,0.99,-10.0,10.0,100.0,500,9.974,13.0
0,60000,100,0.01,0.95,-1.0,0.1,50.0,500,11.656,21.199999
0,60000,100,0.01,0.99,-1.0,0.1,50.0,500,9.976001,13.0
0,60000,100,0.05,0.99,-0.1,10.0,250.0,500,9.974,13.0
0,60000,100,0.01,0.95,-0.1,1.0,100.0,500,12.995999,24.6
0,60000,100,0.01,0.99,-0.1,0.1,100.0,500,9.978001,13.0
0,60000,100,0.01,0.99,-10.0,10.0,250.0,500,9.992001,13.0
0,60000,100,0.01,0.95,-1.0,10.0,50.0,500,11.614,20.6
0,60000,100,0.05,0.99,-0.1,10.0,50.0,500,9.976001,13.0
0,60000,100,0.01,0.99,-10.0,0.1,250.0,500,9.978001,13.0
0,60000,100,0.01,0.95,-0.1,0.1,250.0,500,15.247999,29.800001
0,60000,100,0.01,0.99,-0.1,10.0,250.0,500,9.995999,13.0
0,60000,100,0.01,0.99,-0.1,1.0,50.0,500,9.976001,13.0
0,60000,100,0.01,0.99,-0.1,1.0,250.0,500,9.995999,13.0
0,60000,100,0.01,0.99,-0.1,1.0,100.0,500,9.974,13.0
0,60000,100,0.01,0.99,-10.0,0.1,50.0,500,9.976001,13.0
0,60000,100,0.01,0.99,-0.1,10.0,50.0,500,9.976001,13.0
0,60000,100,0.01,0.99,-1.0,1.0,50.0,500,9.976001,13.0
0,60000,100,0.01,0.99,-10.0,10.0,50.0,500,9.976001,13.0
0,60000,100,0.01,0.99,-10.0,1.0,250.0,500,9.992001,13.0
0,60000,100,0.01,0.99,-0.1,0.1,250.0,500,10.004001,13.0
0,60000,100,0.01,0.9,-10.0,1.0,100.0,500,22.768,39.6
0,60000,100,0.01,0.99,-1.0,10.0,50.0,500,9.976001,13.0
0,60000,100,0.01,0.99,-1.0,1.0,100.0,500,9.974,13.0
0,60000,100,0.01,0.9,-10.0,1.0,50.0,500,21.296001,39.6
0,60000,100,0.01,0.99,-1.0,10.0,250.0,500,9.992001,13.0
0,60000,100,0.01,0.99,-1.0,1.0,250.0,500,9.992001,13.0
0,60000,100,0.01,0.99,-0.1,10.0,100.0,500,9.974,13.0
0,60000,100,0.01,0.99,-0.1,0.1,50.0,500,9.974,13.0
0,60000,100,0.01,0.9,-0.1,10.0,250.0,500,24.918003,39.6
0,60000,100,0.05,0.95,-10.0,1.0,100.0,500,10.326,15.800001
0,60000,100,0.01,0.99,-1.0,0.1,250.0,500,9.978001,13.0
0,60000,100,0.05,0.99,-0.1,1.0,250.0,500,9.974,13.0
0,60000,100,0.01,0.99,-1.0,0.1,100.0,500,9.974,13.0
0,60000,100,0.01,0.99,-10.0,1.0,100.0,500,9.974,13.0
